contractSymbol,expiry_date,strike,cp,bid,ask,lastPrice,lastTradeDate,volume,openInterest,yahoo_iv
SPY260925C00595000,2026-09-25,595.0,c,165.43,168.24,165.39,2026-09-17 14:07:33+00:00,1.0,3.0,0.7993184130859375
SPY260925C00600000,2026-09-25,600.0,c,160.42,163.21,161.81,2026-09-17 14:25:56+00:00,2.0,263.0,0.772463212890625
SPY260925C00610000,2026-09-25,610.0,c,150.4,153.21,149.42,2026-09-16 13:33:38+00:00,2.0,4.0,0.7248562670898437
SPY260925C00615000,2026-09-25,615.0,c,145.44,148.21,144.41,2026-09-16 13:33:38+00:00,2.0,7.0,0.7048369360351563
SPY260925C00620000,2026-09-25,620.0,c,140.46,143.21,139.42,2026-09-16 13:33:38+00:00,2.0,26.0,0.6835969140625001
SPY260925C00625000,2026-09-25,625.0,c,135.41,138.22,134.42,2026-09-16 13:33:38+00:00,2.0,6.0,0.6577182666015625
SPY260925C00630000,2026-09-25,630.0,c,130.43,133.25,129.38,2026-09-16 13:33:37+00:00,2.0,5.0,0.63867548828125
SPY260925C00640000,2026-09-25,640.0,c,120.39,123.22,119.38,2026-09-15 13:32:01+00:00,2.0,771.0,0.5888712988281251
SPY260925C00645000,2026-09-25,645.0,c,115.43,118.22,112.34,2026-09-15 15:17:50+00:00,226.0,113.0,0.5690961059570312
SPY260925C00650000,2026-09-25,650.0,c,110.44,113.23,103.38,2026-09-16 19:49:27+00:00,1.0,6.0,0.5478560839843751
SPY260925C00655000,2026-09-25,655.0,c,105.43,108.26,102.79,2026-09-15 14:27:28+00:00,3.0,3.0,0.5266160620117188
SPY260925C00660000,2026-09-25,660.0,c,100.43,103.26,99.35,2026-09-15 13:32:00+00:00,2.0,4.0,0.5043994873046875
SPY260925C00665000,2026-09-25,665.0,c,95.45,98.22,94.35,2026-09-15 13:32:00+00:00,2.0,2.0,0.5930216479492189
SPY260925C00670000,2026-09-25,670.0,c,90.5,93.27,90.39,2026-09-17 14:07:33+00:00,1.0,123.0,0.570316796875
SPY260925C00675000,2026-09-25,675.0,c,85.44,88.27,84.36,2026-09-15 13:31:59+00:00,2.0,6.0,0.5444381494140625
SPY260925C00680000,2026-09-25,680.0,c,80.44,83.25,83.12,2026-09-16 19:13:40+00:00,1.0,19.0,0.5173388110351562
SPY260925C00685000,2026-09-25,685.0,c,75.38,78.21,74.39,2026-09-15 13:31:59+00:00,2.0,15.0,0.4891408508300782
SPY260925C00690000,2026-09-25,690.0,c,70.4,72.55,66.78,2026-09-15 14:56:30+00:00,4.0,43.0,0.42407802490234375
SPY260925C00695000,2026-09-25,695.0,c,65.43,68.24,63.46,2026-09-16 18:35:14+00:00,11.0,64.0,0.43884838500976564
SPY260925C00700000,2026-09-25,700.0,c,60.42,63.24,61.77,2026-09-17 14:36:14+00:00,1.0,247.0,0.41272559936523434
SPY260925C00705000,2026-09-25,705.0,c,55.45,58.21,53.34,2026-09-15 14:16:22+00:00,2.0,122.0,0.38495488098144526
SPY260925C00710000,2026-09-25,710.0,c,50.42,53.26,50.66,2026-09-17 14:13:09+00:00,5.0,538.0,0.36084623535156246
SPY260925C00715000,2026-09-25,715.0,c,45.4,48.2,45.98,2026-09-17 13:46:21+00:00,198.0,1079.0,0.33148861877441405
SPY260925C00720000,2026-09-25,720.0,c,40.45,43.27,41.28,2026-09-17 14:20:20+00:00,1.0,89.0,0.30750204223632804
SPY260925C00721000,2026-09-25,721.0,c,39.45,42.3,31.65,2026-09-16 19:42:52+00:00,3.0,9.0,0.3032906585693359
SPY260925C00722000,2026-09-25,722.0,c,38.39,41.22,38.0,2026-09-16 14:08:21+00:00,34.0,26.0,0.29456271850585936
SPY260925C00723000,2026-09-25,723.0,c,37.41,40.23,38.29,2026-09-14 17:41:55+00:00,4.0,104.0,0.289496851196289
SPY260925C00724000,2026-09-25,724.0,c,36.38,39.22,31.38,2026-09-16 19:00:47+00:00,335.0,289.0,0.28363753479003895
SPY260925C00725000,2026-09-25,725.0,c,35.49,38.29,26.92,2026-09-16 19:20:52+00:00,259.0,161.0,0.28089098022460934
SPY260925C00726000,2026-09-25,726.0,c,34.42,37.22,26.98,2026-09-16 19:13:05+00:00,124.0,225.0,0.27259028198242186
SPY260925C00727000,2026-09-25,727.0,c,33.49,36.22,32.78,2026-09-16 14:13:38+00:00,731.0,379.0,0.26709717285156254
SPY260925C00728000,2026-09-25,728.0,c,32.43,35.24,24.98,2026-09-16 19:38:51+00:00,40.0,36.0,0.26233647827148443
SPY260925C00729000,2026-09-25,729.0,c,31.46,34.24,24.34,2026-09-16 19:43:53+00:00,12.0,19.0,0.2567213000488281
SPY260925C00730000,2026-09-25,730.0,c,30.46,33.24,31.42,2026-09-17 14:21:09+00:00,53.0,648.0,0.25110612182617187
SPY260925C00731000,2026-09-25,731.0,c,29.48,32.26,23.62,2026-09-16 19:08:28+00:00,966.0,499.0,0.24622335815429688
SPY260925C00732000,2026-09-25,732.0,c,28.46,31.27,23.04,2026-09-16 19:59:31+00:00,263.0,359.0,0.24097438720703124
SPY260925C00733000,2026-09-25,733.0,c,27.49,30.28,21.46,2026-09-16 19:48:48+00:00,713.0,414.0,0.2356033471679687
SPY260925C00734000,2026-09-25,734.0,c,26.54,29.29,24.9,2026-09-16 18:32:38+00:00,250.0,130.0,0.23023230712890624
SPY260925C00735000,2026-09-25,735.0,c,25.53,28.31,26.45,2026-09-17 14:20:23+00:00,30.0,518.0,0.22516643981933593
SPY260925C00736000,2026-09-25,736.0,c,24.59,27.4,17.22,2026-09-16 19:20:54+00:00,41.0,71.0,0.2224198852539062
SPY260925C00737000,2026-09-25,737.0,c,23.6,26.37,16.46,2026-09-16 19:22:22+00:00,99.0,76.0,0.21558401611328126
SPY260925C00738000,2026-09-25,738.0,c,22.64,24.79,23.19,2026-09-17 13:49:42+00:00,3.0,123.0,0.18970536865234378
SPY260925C00739000,2026-09-25,739.0,c,21.62,24.36,22.23,2026-09-17 14:19:09+00:00,210.0,259.0,0.20343814147949218
SPY260925C00740000,2026-09-25,740.0,c,20.64,23.35,21.94,2026-09-17 14:32:12+00:00,46.0,1011.0,0.19715158325195312
SPY260925C00741000,2026-09-25,741.0,c,19.77,22.47,20.99,2026-09-17 14:32:12+00:00,26.0,519.0,0.19489330505371094
SPY260925C00742000,2026-09-25,742.0,c,18.83,21.56,20.6,2026-09-17 13:32:55+00:00,1.0,197.0,0.1915364050292969
SPY260925C00743000,2026-09-25,743.0,c,19.02,19.54,18.71,2026-09-17 13:45:23+00:00,2.0,155.0,0.15259636474609378
SPY260925C00744000,2026-09-25,744.0,c,16.98,19.63,12.41,2026-09-16 19:10:30+00:00,85.0,607.0,0.18109949768066402
SPY260925C00745000,2026-09-25,745.0,c,16.07,17.65,16.35,2026-09-17 13:56:57+00:00,56.0,142.0,0.1448449774169922
SPY260925C00746000,2026-09-25,746.0,c,15.2,17.83,17.0,2026-09-17 13:31:45+00:00,1.0,192.0,0.17389742126464847
SPY260925C00747000,2026-09-25,747.0,c,15.52,15.87,10.77,2026-09-16 19:57:54+00:00,31.0,162.0,0.13990117919921874
SPY260925C00748000,2026-09-25,748.0,c,14.69,16.09,15.06,2026-09-17 14:27:38+00:00,18.0,163.0,0.16754982849121097
SPY260925C00749000,2026-09-25,749.0,c,13.81,14.1,14.1,2026-09-17 14:24:30+00:00,16.0,359.0,0.1341028973388672
SPY260925C00750000,2026-09-25,750.0,c,13.04,13.32,13.12,2026-09-17 14:29:23+00:00,336.0,835.0,0.1336146209716797
SPY260925C00751000,2026-09-25,751.0,c,12.3,12.49,12.54,2026-09-17 14:28:16+00:00,52.0,360.0,0.13138686004638672
SPY260925C00752000,2026-09-25,752.0,c,11.52,11.63,11.74,2026-09-17 14:28:15+00:00,137.0,532.0,0.12802996002197264
SPY260925C00753000,2026-09-25,753.0,c,10.73,10.89,10.65,2026-09-17 14:31:36+00:00,159.0,383.0,0.1272670281982422
SPY260925C00754000,2026-09-25,754.0,c,9.95,10.03,9.95,2026-09-17 14:33:00+00:00,181.0,995.0,0.12320823089599611
SPY260925C00755000,2026-09-25,755.0,c,9.21,9.32,9.25,2026-09-17 14:31:02+00:00,611.0,1634.0,0.12226219543457033
SPY260925C00756000,2026-09-25,756.0,c,8.51,8.6,8.7,2026-09-17 14:26:59+00:00,237.0,975.0,0.12058374542236328
SPY260925C00757000,2026-09-25,757.0,c,7.75,7.87,8.0,2026-09-17 14:26:59+00:00,197.0,1307.0,0.118172880859375
SPY260925C00758000,2026-09-25,758.0,c,7.12,7.22,7.02,2026-09-17 14:32:38+00:00,339.0,1751.0,0.11701322448730468
SPY260925C00759000,2026-09-25,759.0,c,6.46,6.54,6.5,2026-09-17 14:34:26+00:00,229.0,1431.0,0.11463287719726564
SPY260925C00760000,2026-09-25,760.0,c,5.86,5.89,5.88,2026-09-17 14:37:16+00:00,6190.0,4582.0,0.11237459899902343
SPY260925C00761000,2026-09-25,761.0,c,5.26,5.3,5.29,2026-09-17 14:35:24+00:00,3041.0,1306.0,0.11072666625976563
SPY260925C00762000,2026-09-25,762.0,c,4.73,4.76,4.73,2026-09-17 14:36:22+00:00,1076.0,1167.0,0.1095364926147461
SPY260925C00763000,2026-09-25,763.0,c,4.18,4.22,4.22,2026-09-17 14:36:56+00:00,1278.0,898.0,0.10767493896484376
SPY260925C00764000,2026-09-25,764.0,c,3.71,3.75,3.75,2026-09-17 14:36:55+00:00,463.0,825.0,0.10663735168457032
SPY260925C00765000,2026-09-25,765.0,c,3.29,3.32,3.3,2026-09-17 14:36:53+00:00,2459.0,7762.0,0.10572183349609374
SPY260925C00766000,2026-09-25,766.0,c,2.84,2.87,2.91,2026-09-17 14:35:01+00:00,340.0,2230.0,0.1037076934814453
SPY260925C00767000,2026-09-25,767.0,c,2.45,2.49,2.44,2026-09-17 14:31:36+00:00,200.0,1707.0,0.10248700256347655
SPY260925C00768000,2026-09-25,768.0,c,2.12,2.15,2.15,2026-09-17 14:34:52+00:00,420.0,2723.0,0.10138838073730468
SPY260925C00769000,2026-09-25,769.0,c,1.8,1.83,1.8,2026-09-17 14:37:25+00:00,216.0,1340.0,0.10004562072753906
SPY260925C00770000,2026-09-25,770.0,c,1.55,1.56,1.56,2026-09-17 14:37:32+00:00,2998.0,6549.0,0.09919113708496094
SPY260925C00771000,2026-09-25,771.0,c,1.3,1.31,1.32,2026-09-17 14:35:18+00:00,356.0,1267.0,0.09803148071289064
SPY260925C00772000,2026-09-25,772.0,c,1.09,1.1,1.1,2026-09-17 14:36:47+00:00,26785.0,2403.0,0.09723803161621095
SPY260925C00773000,2026-09-25,773.0,c,0.9,0.92,0.92,2026-09-17 14:36:49+00:00,116.0,1591.0,0.09662768615722657
SPY260925C00774000,2026-09-25,774.0,c,0.75,0.76,0.78,2026-09-17 14:35:05+00:00,725.0,6546.0,0.09589527160644533
SPY260925C00775000,2026-09-25,775.0,c,0.62,0.63,0.63,2026-09-17 14:36:33+00:00,3188.0,5106.0,0.09546802978515626
SPY260925C00776000,2026-09-25,776.0,c,0.51,0.53,0.52,2026-09-17 14:34:46+00:00,698.0,1546.0,0.09565113342285157
SPY260925C00777000,2026-09-25,777.0,c,0.43,0.44,0.42,2026-09-17 14:33:43+00:00,357.0,1932.0,0.09559009887695313
SPY260925C00778000,2026-09-25,778.0,c,0.34,0.35,0.36,2026-09-17 14:30:43+00:00,559.0,1088.0,0.09473561523437501
SPY260925C00779000,2026-09-25,779.0,c,0.28,0.29,0.29,2026-09-17 14:31:52+00:00,178.0,1083.0,0.09497975341796877
SPY260925C00780000,2026-09-25,780.0,c,0.24,0.25,0.25,2026-09-17 14:36:52+00:00,2795.0,30707.0,0.09595630615234377
SPY260925C00781000,2026-09-25,781.0,c,0.2,0.21,0.21,2026-09-17 14:32:23+00:00,854.0,1854.0,0.09656665161132813
SPY260925C00782000,2026-09-25,782.0,c,0.16,0.17,0.17,2026-09-17 14:37:26+00:00,4384.0,1008.0,0.09644458251953125
SPY260925C00783000,2026-09-25,783.0,c,0.14,0.15,0.15,2026-09-17 14:27:08+00:00,86.0,1054.0,0.09790941162109376
SPY260925C00784000,2026-09-25,784.0,c,0.12,0.13,0.1,2026-09-17 13:33:35+00:00,242.0,678.0,0.0991301025390625
SPY260925C00785000,2026-09-25,785.0,c,0.1,0.11,0.1,2026-09-17 14:31:38+00:00,649.0,24384.0,0.09986251708984376
SPY260925P00675000,2026-09-25,675.0,p,0.1,0.11,0.12,2026-09-17 13:58:34+00:00,129.0,2940.0,0.3232489550781249
SPY260925P00680000,2026-09-25,680.0,p,0.11,0.12,0.12,2026-09-17 14:34:11+00:00,74.0,1410.0,0.3086006640625
SPY260925P00685000,2026-09-25,685.0,p,0.13,0.14,0.14,2026-09-17 14:34:25+00:00,145.0,2203.0,0.29688203124999996
SPY260925P00690000,2026-09-25,690.0,p,0.14,0.15,0.16,2026-09-17 13:56:48+00:00,18.0,1459.0,0.28174546386718746
SPY260925P00695000,2026-09-25,695.0,p,0.16,0.17,0.2,2026-09-17 14:02:50+00:00,49.0,3807.0,0.26807372558593745
SPY260925P00700000,2026-09-25,700.0,p,0.19,0.2,0.19,2026-09-17 14:29:53+00:00,149.0,2291.0,0.25586681640625003
SPY260925P00705000,2026-09-25,705.0,p,0.22,0.23,0.24,2026-09-17 14:20:17+00:00,375.0,1976.0,0.242195078125
SPY260925P00710000,2026-09-25,710.0,p,0.26,0.27,0.26,2026-09-17 14:32:47+00:00,351.0,3545.0,0.22901161621093752
SPY260925P00715000,2026-09-25,715.0,p,0.32,0.33,0.31,2026-09-17 14:33:12+00:00,372.0,4140.0,0.21680470703125
SPY260925P00720000,2026-09-25,720.0,p,0.38,0.39,0.39,2026-09-17 14:26:59+00:00,454.0,7578.0,0.20288883056640622
SPY260925P00721000,2026-09-25,721.0,p,0.4,0.41,0.4,2026-09-17 14:28:05+00:00,8.0,604.0,0.2005695178222656
SPY260925P00722000,2026-09-25,722.0,p,0.42,0.43,0.52,2026-09-17 14:02:28+00:00,125.0,1820.0,0.198250205078125
SPY260925P00723000,2026-09-25,723.0,p,0.44,0.45,0.45,2026-09-17 14:35:49+00:00,161.0,371.0,0.1958088232421875
SPY260925P00724000,2026-09-25,724.0,p,0.46,0.47,0.48,2026-09-17 14:29:37+00:00,387.0,763.0,0.19312330322265625
SPY260925P00725000,2026-09-25,725.0,p,0.49,0.5,0.49,2026-09-17 14:34:44+00:00,619.0,2720.0,0.19129226684570313
SPY260925P00726000,2026-09-25,726.0,p,0.51,0.52,0.58,2026-09-17 14:17:38+00:00,6.0,598.0,0.188484677734375
SPY260925P00727000,2026-09-25,727.0,p,0.54,0.55,0.6,2026-09-17 14:15:57+00:00,25.0,16425.0,0.18628743408203124
SPY260925P00728000,2026-09-25,728.0,p,0.57,0.58,0.59,2026-09-17 14:23:20+00:00,84.0,863.0,0.18396812133789062
SPY260925P00729000,2026-09-25,729.0,p,0.61,0.62,0.6,2026-09-17 14:34:44+00:00,139.0,1033.0,0.18225915405273438
SPY260925P00730000,2026-09-25,730.0,p,0.65,0.66,0.63,2026-09-17 14:34:59+00:00,590.0,129515.0,0.18030604858398439
SPY260925P00731000,2026-09-25,731.0,p,0.68,0.69,0.67,2026-09-17 14:35:00+00:00,64.0,492.0,0.17749845947265624
SPY260925P00732000,2026-09-25,732.0,p,0.72,0.73,0.71,2026-09-17 14:35:00+00:00,112.0,1177.0,0.17517914672851562
SPY260925P00733000,2026-09-25,733.0,p,0.76,0.78,0.85,2026-09-17 14:15:35+00:00,258.0,854.0,0.1733481103515625
SPY260925P00734000,2026-09-25,734.0,p,0.82,0.83,0.83,2026-09-17 14:30:17+00:00,204.0,558.0,0.17127293579101563
SPY260925P00735000,2026-09-25,735.0,p,0.85,0.86,0.85,2026-09-17 14:36:53+00:00,458.0,2970.0,0.16797707031250003
SPY260925P00736000,2026-09-25,736.0,p,0.91,0.92,0.93,2026-09-17 14:32:54+00:00,123.0,1259.0,0.16602396484375004
SPY260925P00737000,2026-09-25,737.0,p,0.98,0.99,0.97,2026-09-17 14:26:54+00:00,26.0,1505.0,0.16431499755859375
SPY260925P00738000,2026-09-25,738.0,p,1.03,1.04,1.04,2026-09-17 14:34:33+00:00,223.0,2113.0,0.1615074084472656
SPY260925P00739000,2026-09-25,739.0,p,1.1,1.12,1.15,2026-09-17 14:32:44+00:00,220.0,2218.0,0.15979844116210937
SPY260925P00740000,2026-09-25,740.0,p,1.19,1.2,1.21,2026-09-17 14:36:12+00:00,2983.0,22968.0,0.15784533569335937
SPY260925P00741000,2026-09-25,741.0,p,1.26,1.28,1.31,2026-09-17 14:32:10+00:00,243.0,1371.0,0.15564809204101562
SPY260925P00742000,2026-09-25,742.0,p,1.35,1.37,1.39,2026-09-17 14:34:03+00:00,104.0,1272.0,0.15357291748046875
SPY260925P00743000,2026-09-25,743.0,p,1.46,1.48,1.48,2026-09-17 14:29:10+00:00,213.0,2136.0,0.1519860192871094
SPY260925P00744000,2026-09-25,744.0,p,1.55,1.56,1.58,2026-09-17 14:36:19+00:00,279.0,1193.0,0.14905636108398437
SPY260925P00745000,2026-09-25,745.0,p,1.66,1.68,1.68,2026-09-17 14:36:44+00:00,2699.0,149776.0,0.14722532470703126
SPY260925P00746000,2026-09-25,746.0,p,1.8,1.82,1.81,2026-09-17 14:36:04+00:00,253.0,2232.0,0.1456994610595703
SPY260925P00747000,2026-09-25,747.0,p,1.93,1.94,1.97,2026-09-17 14:32:02+00:00,709.0,988.0,0.14325807922363282
SPY260925P00748000,2026-09-25,748.0,p,2.05,2.08,2.11,2026-09-17 14:34:13+00:00,220.0,1563.0,0.14106083557128907
SPY260925P00749000,2026-09-25,749.0,p,2.23,2.25,2.23,2026-09-17 14:29:03+00:00,262.0,1673.0,0.13941290283203128
SPY260925P00750000,2026-09-25,750.0,p,2.4,2.41,2.41,2026-09-17 14:36:02+00:00,2810.0,15651.0,0.13715462463378908
SPY260925P00751000,2026-09-25,751.0,p,2.59,2.62,2.63,2026-09-17 14:36:16+00:00,109.0,1809.0,0.13581186462402345
SPY260925P00752000,2026-09-25,752.0,p,2.76,2.79,2.85,2026-09-17 14:34:17+00:00,204.0,2716.0,0.13306531005859373
SPY260925P00753000,2026-09-25,753.0,p,2.99,3.02,3.03,2026-09-17 14:37:23+00:00,184.0,594.0,0.13141737731933595
SPY260925P00754000,2026-09-25,754.0,p,3.23,3.26,3.29,2026-09-17 14:22:57+00:00,225.0,803.0,0.1295863409423828
SPY260925P00755000,2026-09-25,755.0,p,3.5,3.53,3.48,2026-09-17 14:34:54+00:00,5171.0,2172.0,0.12802996002197264
SPY260925P00756000,2026-09-25,756.0,p,3.78,3.81,3.86,2026-09-17 14:31:51+00:00,98.0,804.0,0.1261989236450195
SPY260925P00757000,2026-09-25,757.0,p,4.07,4.11,4.13,2026-09-17 14:30:55+00:00,186.0,815.0,0.1243373699951172
SPY260925P00758000,2026-09-25,758.0,p,4.42,4.46,4.41,2026-09-17 14:36:53+00:00,434.0,1514.0,0.12305564453125001
SPY260925P00759000,2026-09-25,759.0,p,4.78,4.82,4.75,2026-09-17 14:34:32+00:00,363.0,2216.0,0.12146874633789062
SPY260925P00760000,2026-09-25,760.0,p,5.19,5.22,5.17,2026-09-17 14:36:49+00:00,3628.0,17324.0,0.12018702087402343
SPY260925P00761000,2026-09-25,761.0,p,5.61,5.64,5.62,2026-09-17 14:37:12+00:00,1354.0,1316.0,0.11875270904541015
SPY260925P00762000,2026-09-25,762.0,p,6.05,6.1,6.07,2026-09-17 14:34:23+00:00,613.0,2539.0,0.11756253540039063
SPY260925P00763000,2026-09-25,763.0,p,6.45,6.54,6.61,2026-09-17 14:30:28+00:00,656.0,918.0,0.11533477447509766
SPY260925P00764000,2026-09-25,764.0,p,6.98,7.11,7.12,2026-09-17 14:29:38+00:00,78.0,989.0,0.11524322265625
SPY260925P00765000,2026-09-25,765.0,p,7.56,7.7,7.7,2026-09-17 14:32:29+00:00,1439.0,2993.0,0.11496856719970702
SPY260925P00766000,2026-09-25,766.0,p,8.12,8.29,9.26,2026-09-17 14:12:54+00:00,45.0,2084.0,0.11408356628417969
SPY260925P00767000,2026-09-25,767.0,p,8.77,8.91,8.9,2026-09-17 14:29:29+00:00,31.0,2250.0,0.11319856536865235
SPY260925P00768000,2026-09-25,768.0,p,9.4,9.57,9.52,2026-09-17 14:26:37+00:00,1010.0,2407.0,0.11255770263671874
SPY260925P00769000,2026-09-25,769.0,p,10.13,10.42,10.0,2026-09-17 14:27:55+00:00,255.0,835.0,0.11597563720703125
SPY260925P00770000,2026-09-25,770.0,p,10.81,10.99,10.99,2026-09-17 14:36:56+00:00,58.0,1617.0,0.11182528808593749
SPY260925P00771000,2026-09-25,771.0,p,11.57,11.94,12.86,2026-09-17 14:01:12+00:00,11.0,874.0,0.1168911553955078
SPY260925P00772000,2026-09-25,772.0,p,12.39,12.7,13.19,2026-09-17 13:55:40+00:00,37.0,687.0,0.1165249481201172
SPY260925P00773000,2026-09-25,773.0,p,13.21,13.56,14.3,2026-09-17 13:36:42+00:00,41.0,798.0,0.11841701904296875
SPY260925P00774000,2026-09-25,774.0,p,12.89,15.03,15.48,2026-09-17 14:02:21+00:00,1.0,382.0,0.13794807373046875
SPY260925P00775000,2026-09-25,775.0,p,13.86,16.55,15.0,2026-09-17 14:25:02+00:00,2.0,633.0,0.15845568115234376
SPY260925P00776000,2026-09-25,776.0,p,14.76,17.41,16.55,2026-09-17 14:19:48+00:00,4.0,291.0,0.16071395935058597
SPY260925P00777000,2026-09-25,777.0,p,15.77,18.4,18.7,2026-09-17 14:08:27+00:00,2.0,309.0,0.1664512066650391
SPY260925P00778000,2026-09-25,778.0,p,16.62,19.33,23.5,2026-09-15 14:53:23+00:00,8.0,75.0,0.17035741760253909
SPY260925P00779000,2026-09-25,779.0,p,17.65,20.33,20.15,2026-09-17 13:49:14+00:00,1.0,94.0,0.17615569946289064
SPY260925P00780000,2026-09-25,780.0,p,19.0,21.27,21.5,2026-09-17 14:10:02+00:00,58.0,655.0,0.18012294494628905
SPY260925P00781000,2026-09-25,781.0,p,19.6,22.26,23.16,2026-09-16 14:38:13+00:00,1.0,16.0,0.18549398498535152
SPY260925P00782000,2026-09-25,782.0,p,20.52,23.15,26.52,2026-09-15 15:24:58+00:00,2.0,12.0,0.18763019409179688
SPY260925P00783000,2026-09-25,783.0,p,21.6,24.18,25.11,2026-09-16 14:38:29+00:00,1.0,28.0,0.19409985595703128
SPY260925P00785000,2026-09-25,785.0,p,23.46,26.26,27.25,2026-09-16 14:38:32+00:00,3.0,116.0,0.20752745605468748
SPY260925P00788000,2026-09-25,788.0,p,26.48,29.26,28.77,2026-09-16 15:27:56+00:00,20.0,46.0,0.22357954162597654
SPY260925P00800000,2026-09-25,800.0,p,38.41,41.18,40.66,2026-09-16 15:57:06+00:00,1.0,17.0,0.28113511840820304
SPY261009C00580000,2026-10-09,580.0,c,180.49,183.3,177.78,2026-09-15 14:22:47+00:00,2.0,59.0,0.5504195349121095
SPY261009C00585000,2026-10-09,585.0,c,175.41,178.13,172.48,2026-09-15 14:23:54+00:00,184.0,122.0,0.5219774365234374
SPY261009C00595000,2026-10-09,595.0,c,165.43,168.21,162.58,2026-09-15 14:23:23+00:00,110.0,500.0,0.5999185516357424
SPY261009C00600000,2026-10-09,600.0,c,160.49,163.25,157.83,2026-09-15 14:29:48+00:00,156.0,99.0,0.5853312951660157
SPY261009C00605000,2026-10-09,605.0,c,155.58,158.34,152.68,2026-09-15 14:23:26+00:00,100.0,373.0,0.573368524169922
SPY261009C00610000,2026-10-09,610.0,c,150.54,153.3,144.18,2026-09-16 19:54:51+00:00,27.0,23.0,0.5545088494873047
SPY261009C00615000,2026-10-09,615.0,c,145.59,148.41,139.12,2026-09-16 19:55:17+00:00,1.0,253.0,0.5433395275878907
SPY261009C00620000,2026-10-09,620.0,c,140.59,143.36,140.35,2026-09-16 18:16:27+00:00,4.0,6.0,0.5241746801757812
SPY261009C00630000,2026-10-09,630.0,c,130.69,133.43,131.0,2026-09-16 16:45:33+00:00,1.0,5.0,0.49432878723144535
SPY261009C00640000,2026-10-09,640.0,c,120.75,123.5,119.97,2026-09-16 14:15:07+00:00,2.0,47.0,0.4642387561035156
SPY261009C00650000,2026-10-09,650.0,c,110.87,113.59,110.09,2026-09-16 18:29:30+00:00,46.0,294.0,0.4348811395263672
SPY261009C00655000,2026-10-09,655.0,c,105.87,108.62,106.12,2026-09-16 15:17:34+00:00,4.0,2.0,0.4194393994140625
SPY261009C00660000,2026-10-09,660.0,c,100.89,103.68,102.73,2026-09-14 19:20:58+00:00,10.0,64.0,0.4050962811279296
SPY261009C00665000,2026-10-09,665.0,c,95.96,98.73,95.19,2026-09-16 14:41:27+00:00,18.0,5.0,0.3902648864746094
SPY261009C00670000,2026-10-09,670.0,c,91.04,93.8,90.0,2026-09-16 14:23:46+00:00,4.0,27.0,0.37604383728027346
SPY261009C00675000,2026-10-09,675.0,c,86.14,88.78,84.93,2026-09-16 14:32:46+00:00,200.0,102.0,0.35858795715332037
SPY261009C00680000,2026-10-09,680.0,c,81.22,83.98,80.67,2026-09-16 13:30:05+00:00,4.0,1262.0,0.3482731188964844
SPY261009C00685000,2026-10-09,685.0,c,76.25,78.99,76.22,2026-09-17 14:07:23+00:00,6.0,4.0,0.3315496533203125
SPY261009C00690000,2026-10-09,690.0,c,71.39,74.1,68.6,2026-09-16 18:36:58+00:00,10.0,15.0,0.3177558459472656
SPY261009C00695000,2026-10-09,695.0,c,66.46,69.17,66.33,2026-09-17 14:10:16+00:00,4.0,1107.0,0.30249720947265624
SPY261009C00700000,2026-10-09,700.0,c,61.59,64.39,57.98,2026-09-16 18:53:31+00:00,7.0,456.0,0.29099219757080075
SPY261009C00705000,2026-10-09,705.0,c,56.72,59.47,51.38,2026-09-16 20:02:17+00:00,5.0,68.0,0.27533683654785157
SPY261009C00710000,2026-10-09,710.0,c,51.84,54.66,51.91,2026-09-16 14:03:41+00:00,24.0,40.0,0.26197027099609377
SPY261009C00715000,2026-10-09,715.0,c,47.17,49.96,40.1,2026-09-16 19:17:35+00:00,10.0,21.0,0.250434741821289
SPY261009C00720000,2026-10-09,720.0,c,42.61,45.15,37.64,2026-09-16 20:00:37+00:00,11.0,34.0,0.23566438171386717
SPY261009C00721000,2026-10-09,721.0,c,42.57,43.03,36.75,2026-09-16 20:02:42+00:00,3.0,10.0,0.2074053869628906
SPY261009C00723000,2026-10-09,723.0,c,40.69,41.15,40.5,2026-09-16 19:17:56+00:00,4.0,7.0,0.20288883056640622
SPY261009C00724000,2026-10-09,724.0,c,39.82,40.26,33.97,2026-09-16 19:56:55+00:00,1.0,9.0,0.2016681396484375
SPY261009C00725000,2026-10-09,725.0,c,38.86,39.28,38.27,2026-09-16 18:05:55+00:00,13.0,201.0,0.1984027914428711
SPY261009C00726000,2026-10-09,726.0,c,37.95,38.36,32.32,2026-09-16 20:02:45+00:00,32.0,42.0,0.19638865142822265
SPY261009C00727000,2026-10-09,727.0,c,37.03,37.43,34.04,2026-09-16 18:38:27+00:00,6.0,40.0,0.19409985595703128
SPY261009C00728000,2026-10-09,728.0,c,36.08,36.52,30.53,2026-09-16 20:02:08+00:00,90.0,498.0,0.1922077850341797
SPY261009C00729000,2026-10-09,729.0,c,35.24,35.66,34.26,2026-09-16 18:30:05+00:00,2.0,91.0,0.1912312322998047
SPY261009C00730000,2026-10-09,730.0,c,34.27,34.68,33.88,2026-09-17 14:19:46+00:00,143.0,243.0,0.18778278045654295
SPY261009C00731000,2026-10-09,731.0,c,33.37,33.78,30.56,2026-09-15 16:13:13+00:00,2.0,3.0,0.18586019226074219
SPY261009C00732000,2026-10-09,732.0,c,32.47,32.88,27.19,2026-09-16 20:01:24+00:00,32.0,33.0,0.18387656951904296
SPY261009C00733000,2026-10-09,733.0,c,31.58,31.99,26.31,2026-09-16 20:01:35+00:00,28.0,35.0,0.18198449859619142
SPY261009C00734000,2026-10-09,734.0,c,30.75,31.11,25.43,2026-09-16 19:59:51+00:00,1.0,163.0,0.18021449676513673
SPY261009C00735000,2026-10-09,735.0,c,29.82,30.2,29.67,2026-09-17 14:20:23+00:00,180.0,1022.0,0.17783414947509768
SPY261009C00736000,2026-10-09,736.0,c,28.96,29.33,23.12,2026-09-16 19:49:10+00:00,5.0,285.0,0.176064147644043
SPY261009C00737000,2026-10-09,737.0,c,28.04,28.42,22.92,2026-09-16 18:59:54+00:00,1.0,3.0,0.1735312139892578
SPY261009C00739000,2026-10-09,739.0,c,26.34,26.69,26.68,2026-09-17 14:25:19+00:00,2.0,115.0,0.16977758941650395
SPY261009C00740000,2026-10-09,740.0,c,25.49,25.82,20.79,2026-09-16 20:05:42+00:00,31.0,1021.0,0.16767189758300782
SPY261009C00741000,2026-10-09,741.0,c,24.65,24.98,19.97,2026-09-16 20:05:42+00:00,4.0,90.0,0.16596293029785159
SPY261009C00742000,2026-10-09,742.0,c,23.85,24.13,19.23,2026-09-16 20:02:44+00:00,32.0,69.0,0.16397930755615236
SPY261009C00743000,2026-10-09,743.0,c,22.98,23.28,18.42,2026-09-16 20:11:18+00:00,21.0,24.0,0.16190413299560547
SPY261009C00744000,2026-10-09,744.0,c,22.21,22.45,15.71,2026-09-16 19:22:21+00:00,45.0,70.0,0.16004257934570312
SPY261009C00745000,2026-10-09,745.0,c,21.34,21.62,21.0,2026-09-17 14:15:35+00:00,7.0,1475.0,0.15805895660400393
SPY261009C00746000,2026-10-09,746.0,c,20.61,20.84,21.35,2026-09-16 19:59:25+00:00,1.0,31.0,0.15674671386718753
SPY261009C00747000,2026-10-09,747.0,c,19.81,20.03,14.25,2026-09-16 19:41:59+00:00,27.0,309.0,0.15482412567138676
SPY261009C00748000,2026-10-09,748.0,c,18.94,19.23,18.5,2026-09-16 20:03:06+00:00,2.0,268.0,0.15293205474853522
SPY261009C00749000,2026-10-09,749.0,c,18.16,18.41,18.26,2026-09-17 14:28:23+00:00,5.0,72.0,0.1506432592773438
SPY261009C00750000,2026-10-09,750.0,c,17.39,17.59,17.56,2026-09-17 14:24:50+00:00,38.0,669.0,0.14820187744140628
SPY261009C00751000,2026-10-09,751.0,c,16.65,16.82,16.3,2026-09-17 13:40:02+00:00,7.0,38.0,0.1463708410644531
SPY261009C00752000,2026-10-09,752.0,c,15.88,16.08,15.7,2026-09-17 14:18:38+00:00,18.0,131.0,0.14479920150756836
SPY261009C00753000,2026-10-09,753.0,c,15.14,15.32,15.15,2026-09-17 14:21:44+00:00,7.0,60.0,0.14280032012939453
SPY261009C00754000,2026-10-09,754.0,c,14.43,14.59,14.5,2026-09-17 14:24:14+00:00,32.0,94.0,0.14106083557128907
SPY261009C00755000,2026-10-09,755.0,c,13.79,13.94,13.84,2026-09-17 14:23:08+00:00,119.0,490.0,0.14023686920166017
SPY261009C00756000,2026-10-09,756.0,c,13.02,13.2,13.18,2026-09-17 14:23:38+00:00,34.0,400.0,0.13803962554931642
SPY261009C00757000,2026-10-09,757.0,c,12.36,12.51,12.36,2026-09-17 14:33:08+00:00,268.0,420.0,0.1363306582641602
SPY261009C00758000,2026-10-09,758.0,c,11.69,11.84,11.88,2026-09-17 14:28:29+00:00,146.0,1379.0,0.13471324279785157
SPY261009C00759000,2026-10-09,759.0,c,11.03,11.18,11.22,2026-09-17 14:28:29+00:00,45.0,843.0,0.1330347927856445
SPY261009C00760000,2026-10-09,760.0,c,10.42,10.47,10.58,2026-09-17 14:27:43+00:00,207.0,1509.0,0.13050185913085935
SPY261009C00761000,2026-10-09,761.0,c,9.84,9.89,10.01,2026-09-17 14:28:01+00:00,300.0,1316.0,0.12947953048706057
SPY261009C00762000,2026-10-09,762.0,c,9.22,9.27,9.15,2026-09-17 14:34:07+00:00,189.0,2103.0,0.1277247872924805
SPY261009C00763000,2026-10-09,763.0,c,8.62,8.66,8.71,2026-09-17 14:28:39+00:00,670.0,1121.0,0.12589375091552735
SPY261009C00764000,2026-10-09,764.0,c,8.08,8.12,8.25,2026-09-17 14:27:57+00:00,850.0,1070.0,0.12473409454345702
SPY261009C00765000,2026-10-09,765.0,c,7.51,7.56,7.51,2026-09-17 14:35:27+00:00,335.0,903.0,0.12308616180419923
SPY261009C00766000,2026-10-09,766.0,c,7.0,7.06,6.91,2026-09-17 14:32:39+00:00,717.0,1928.0,0.12201805725097657
SPY261009C00767000,2026-10-09,767.0,c,6.49,6.53,6.45,2026-09-17 14:33:57+00:00,554.0,486.0,0.1202785726928711
SPY261009C00768000,2026-10-09,768.0,c,6.02,6.06,5.88,2026-09-17 14:19:25+00:00,71.0,904.0,0.11911891632080077
SPY261009C00769000,2026-10-09,769.0,c,5.54,5.6,5.57,2026-09-17 14:30:35+00:00,399.0,889.0,0.11780667358398436
SPY261009C00770000,2026-10-09,770.0,c,5.14,5.19,5.16,2026-09-17 14:36:09+00:00,308.0,2185.0,0.11695218994140624
SPY261009C00771000,2026-10-09,771.0,c,4.7,4.75,4.76,2026-09-17 14:30:54+00:00,39.0,828.0,0.11539580902099611
SPY261009C00772000,2026-10-09,772.0,c,4.31,4.36,4.4,2026-09-17 14:23:41+00:00,51.0,599.0,0.11426666992187501
SPY261009C00773000,2026-10-09,773.0,c,3.95,4.0,3.86,2026-09-17 14:18:28+00:00,60.0,833.0,0.1132901171875
SPY261009C00774000,2026-10-09,774.0,c,3.6,3.65,3.46,2026-09-17 14:15:05+00:00,94.0,1186.0,0.11219149536132811
SPY261009C00775000,2026-10-09,775.0,c,3.28,3.33,3.32,2026-09-17 14:31:08+00:00,253.0,1734.0,0.11127597717285155
SPY261009C00776000,2026-10-09,776.0,c,3.0,3.05,2.95,2026-09-17 14:18:37+00:00,24.0,502.0,0.1106961489868164
SPY261009C00777000,2026-10-09,777.0,c,2.72,2.75,2.71,2026-09-17 14:30:23+00:00,76.0,912.0,0.10950597534179687
SPY261009C00778000,2026-10-09,778.0,c,2.46,2.49,2.49,2026-09-17 14:31:08+00:00,447.0,1233.0,0.10868200897216798
SPY261009C00779000,2026-10-09,779.0,c,2.22,2.24,2.22,2026-09-17 14:30:14+00:00,10.0,1109.0,0.1077359735107422
SPY261009C00780000,2026-10-09,780.0,c,2.02,2.04,2.0,2026-09-17 14:32:58+00:00,364.0,2042.0,0.10743080078125
SPY261009C00781000,2026-10-09,781.0,c,1.8,1.82,1.81,2026-09-17 14:22:16+00:00,110.0,1193.0,0.10642373077392578
SPY261009C00782000,2026-10-09,782.0,c,1.63,1.65,1.6,2026-09-17 14:20:12+00:00,31.0,856.0,0.10614907531738281
SPY261009C00783000,2026-10-09,783.0,c,1.46,1.48,1.45,2026-09-17 14:33:00+00:00,92.0,747.0,0.10559976440429686
SPY261009C00784000,2026-10-09,784.0,c,1.3,1.32,1.24,2026-09-17 13:54:18+00:00,60.0,590.0,0.10492838439941406
SPY261009C00785000,2026-10-09,785.0,c,1.18,1.19,1.17,2026-09-17 14:33:49+00:00,507.0,1952.0,0.10474528076171874
SPY261009C00786000,2026-10-09,786.0,c,1.06,1.07,1.06,2026-09-17 14:31:04+00:00,58.0,818.0,0.10450114257812498
SPY261009C00787000,2026-10-09,787.0,c,0.94,0.96,0.94,2026-09-17 14:33:47+00:00,7.0,538.0,0.10425700439453123
SPY261009C00788000,2026-10-09,788.0,c,0.85,0.87,0.85,2026-09-17 14:33:00+00:00,22.0,696.0,0.1043790734863281
SPY261009C00789000,2026-10-09,789.0,c,0.76,0.78,0.78,2026-09-17 14:27:52+00:00,96.0,647.0,0.10425700439453123
SPY261009C00790000,2026-10-09,790.0,c,0.68,0.69,0.69,2026-09-17 14:31:23+00:00,977.0,1906.0,0.10389079711914062
SPY261009C00791000,2026-10-09,791.0,c,0.6,0.61,0.6,2026-09-17 14:30:20+00:00,290.0,511.0,0.10352458984374999
SPY261009C00792000,2026-10-09,792.0,c,0.54,0.55,0.54,2026-09-17 14:20:12+00:00,119.0,690.0,0.10364665893554686
SPY261009C00793000,2026-10-09,793.0,c,0.48,0.49,0.5,2026-09-17 14:32:28+00:00,117.0,1133.0,0.10358562438964843
SPY261009C00794000,2026-10-09,794.0,c,0.44,0.45,0.41,2026-09-17 13:33:35+00:00,82.0,815.0,0.10419596984863279
SPY261009C00795000,2026-10-09,795.0,c,0.39,0.4,0.4,2026-09-17 14:30:26+00:00,173.0,1255.0,0.10413493530273435
SPY261009C00796000,2026-10-09,796.0,c,0.36,0.37,0.36,2026-09-17 14:18:53+00:00,58.0,598.0,0.10486734985351562
SPY261009C00797000,2026-10-09,797.0,c,0.32,0.33,0.34,2026-09-17 14:29:32+00:00,24.0,1724.0,0.1049894189453125
SPY261009C00798000,2026-10-09,798.0,c,0.29,0.3,0.3,2026-09-17 14:18:53+00:00,55.0,490.0,0.10535562622070313
SPY261009C00799000,2026-10-09,799.0,c,0.27,0.28,0.28,2026-09-17 14:27:52+00:00,3.0,652.0,0.10633217895507813
SPY261009C00800000,2026-10-09,800.0,c,0.24,0.25,0.24,2026-09-17 14:30:17+00:00,1870.0,3730.0,0.106454248046875
SPY261009C00801000,2026-10-09,801.0,c,0.23,0.24,0.2,2026-09-17 13:46:20+00:00,925.0,1660.0,0.1079190771484375
SPY261009C00802000,2026-10-09,802.0,c,0.21,0.22,0.19,2026-09-17 13:31:23+00:00,167.0,487.0,0.108407353515625
SPY261009C00803000,2026-10-09,803.0,c,0.19,0.2,0.17,2026-09-17 14:02:27+00:00,104.0,273.0,0.1088956298828125
SPY261009C00804000,2026-10-09,804.0,c,0.17,0.18,0.18,2026-09-17 14:29:48+00:00,249.0,137.0,0.10913976806640624
SPY261009C00805000,2026-10-09,805.0,c,0.16,0.17,0.16,2026-09-17 14:19:18+00:00,826.0,1205.0,0.11023838989257811
SPY261009C00806000,2026-10-09,806.0,c,0.15,0.16,0.14,2026-09-16 19:09:36+00:00,36.0,263.0,0.11133701171874999
SPY261009C00807000,2026-10-09,807.0,c,0.14,0.15,0.12,2026-09-17 13:34:50+00:00,38.0,461.0,0.11219149536132811
SPY261009C00808000,2026-10-09,808.0,c,0.13,0.14,0.12,2026-09-16 18:29:32+00:00,7.0,482.0,0.11304597900390626
SPY261009C00809000,2026-10-09,809.0,c,0.12,0.13,0.11,2026-09-17 13:31:23+00:00,73.0,149.0,0.1137783935546875
SPY261009C00810000,2026-10-09,810.0,c,0.11,0.12,0.11,2026-09-17 13:50:18+00:00,187.0,516.0,0.11451080810546876
SPY261009C00811000,2026-10-09,811.0,c,0.11,0.12,0.1,2026-09-16 13:30:00+00:00,292.0,96.0,0.11646391357421876
SPY261009C00812000,2026-10-09,812.0,c,0.1,0.11,0.1,2026-09-17 14:22:00+00:00,10.0,660.0,0.11695218994140624
SPY261009C00813000,2026-10-09,813.0,c,0.1,0.11,0.1,2026-09-16 15:49:35+00:00,2.0,85.0,0.1186611572265625
SPY261009P00575000,2026-10-09,575.0,p,0.12,0.13,0.3,2026-09-16 19:26:52+00:00,1.0,17.0,0.43994700683593746
SPY261009P00580000,2026-10-09,580.0,p,0.13,0.14,0.14,2026-09-17 13:54:10+00:00,25.0,252.0,0.43164630859375
SPY261009P00585000,2026-10-09,585.0,p,0.14,0.15,0.27,2026-09-15 18:29:13+00:00,2.0,4.0,0.42236905761718746
SPY261009P00590000,2026-10-09,590.0,p,0.15,0.16,0.28,2026-09-16 19:48:48+00:00,1.0,57.0,0.41309180664062495
SPY261009P00595000,2026-10-09,595.0,p,0.16,0.17,0.17,2026-09-16 19:08:20+00:00,1.0,13.0,0.40381455566406255
SPY261009P00600000,2026-10-09,600.0,p,0.17,0.18,0.3,2026-09-16 20:00:07+00:00,32.0,189.0,0.3940490283203125
SPY261009P00605000,2026-10-09,605.0,p,0.18,0.19,0.34,2026-09-16 19:51:19+00:00,214.0,285.0,0.3842835009765625
SPY261009P00610000,2026-10-09,610.0,p,0.2,0.21,0.37,2026-09-16 19:46:08+00:00,94.0,261.0,0.37695935546875
SPY261009P00615000,2026-10-09,615.0,p,0.21,0.22,0.22,2026-09-17 13:53:49+00:00,160.0,91.0,0.3667055517578125
SPY261009P00620000,2026-10-09,620.0,p,0.23,0.24,0.48,2026-09-16 19:15:50+00:00,39.0,234.0,0.358404853515625
SPY261009P00625000,2026-10-09,625.0,p,0.24,0.25,0.42,2026-09-16 18:53:57+00:00,37.0,824.0,0.34766277343749996
SPY261009P00630000,2026-10-09,630.0,p,0.26,0.27,0.28,2026-09-17 13:59:16+00:00,52.0,628.0,0.33887379882812496
SPY261009P00635000,2026-10-09,635.0,p,0.28,0.29,0.5,2026-09-16 20:07:16+00:00,17.0,214.0,0.32959654785156245
SPY261009P00640000,2026-10-09,640.0,p,0.31,0.32,0.32,2026-09-17 14:22:47+00:00,4.0,207.0,0.3215399877929687
SPY261009P00645000,2026-10-09,645.0,p,0.33,0.34,0.35,2026-09-17 13:45:03+00:00,2.0,282.0,0.31153032226562494
SPY261009P00650000,2026-10-09,650.0,p,0.36,0.37,0.38,2026-09-17 13:53:29+00:00,27.0,626.0,0.30274134765625
SPY261009P00655000,2026-10-09,655.0,p,0.39,0.4,0.69,2026-09-16 20:08:17+00:00,622.0,195.0,0.2934640966796874
SPY261009P00660000,2026-10-09,660.0,p,0.43,0.44,0.47,2026-09-17 14:13:47+00:00,8.0,405.0,0.2849192602539062
SPY261009P00665000,2026-10-09,665.0,p,0.46,0.47,0.5,2026-09-17 13:46:38+00:00,5.0,598.0,0.2749095947265625
SPY261009P00670000,2026-10-09,670.0,p,0.51,0.52,0.53,2026-09-17 13:39:18+00:00,11.0,2909.0,0.26636475830078127
SPY261009P00675000,2026-10-09,675.0,p,0.56,0.57,0.56,2026-09-17 14:31:28+00:00,271.0,1328.0,0.2572095764160156
SPY261009P00680000,2026-10-09,680.0,p,0.62,0.63,0.61,2026-09-17 13:34:19+00:00,8.0,1094.0,0.24829853271484376
SPY261009P00685000,2026-10-09,685.0,p,0.68,0.69,0.67,2026-09-17 14:27:49+00:00,15.0,258.0,0.23889921264648437
SPY261009P00690000,2026-10-09,690.0,p,0.75,0.76,0.77,2026-09-17 14:31:28+00:00,304.0,2794.0,0.22937782348632813
SPY261009P00695000,2026-10-09,695.0,p,0.86,0.87,0.92,2026-09-17 14:01:13+00:00,51.0,2423.0,0.2215654016113281
SPY261009P00700000,2026-10-09,700.0,p,0.97,0.98,0.95,2026-09-17 14:34:52+00:00,40.0,2539.0,0.21265435791015624
SPY261009P00705000,2026-10-09,705.0,p,1.09,1.1,1.1,2026-09-17 14:29:50+00:00,51.0,1842.0,0.20337710693359373
SPY261009P00710000,2026-10-09,710.0,p,1.27,1.28,1.34,2026-09-17 14:14:50+00:00,280.0,3405.0,0.1955036505126953
SPY261009P00715000,2026-10-09,715.0,p,1.48,1.49,1.49,2026-09-17 14:29:50+00:00,38.0,1847.0,0.1873250213623047
SPY261009P00720000,2026-10-09,720.0,p,1.73,1.75,1.75,2026-09-17 14:33:00+00:00,435.0,1671.0,0.17926846130371094
SPY261009P00721000,2026-10-09,721.0,p,1.8,1.82,1.87,2026-09-17 14:20:12+00:00,80.0,845.0,0.17798673583984376
SPY261009P00722000,2026-10-09,722.0,p,1.84,1.86,1.92,2026-09-17 14:19:19+00:00,31.0,981.0,0.1757894921875
SPY261009P00723000,2026-10-09,723.0,p,1.91,1.93,2.01,2026-09-16 20:14:39+00:00,1.0,427.0,0.17438569763183598
SPY261009P00724000,2026-10-09,724.0,p,1.98,2.01,2.07,2026-09-17 13:31:43+00:00,3.0,348.0,0.17310397216796874
SPY261009P00725000,2026-10-09,725.0,p,2.05,2.07,2.07,2026-09-17 14:33:00+00:00,208.0,1432.0,0.17127293579101563
SPY261009P00726000,2026-10-09,726.0,p,2.12,2.15,2.38,2026-09-17 14:07:28+00:00,218.0,505.0,0.16986914123535157
SPY261009P00727000,2026-10-09,727.0,p,2.19,2.21,2.3,2026-09-17 13:37:39+00:00,2.0,544.0,0.16785500122070315
SPY261009P00728000,2026-10-09,728.0,p,2.27,2.3,2.49,2026-09-17 13:42:09+00:00,8.0,541.0,0.16651224121093755
SPY261009P00729000,2026-10-09,729.0,p,2.35,2.38,2.5,2026-09-17 13:39:56+00:00,73.0,909.0,0.1648643084716797
SPY261009P00730000,2026-10-09,730.0,p,2.45,2.47,2.57,2026-09-17 14:19:41+00:00,369.0,1531.0,0.16333844482421878
SPY261009P00731000,2026-10-09,731.0,p,2.55,2.58,2.64,2026-09-17 14:20:12+00:00,30.0,496.0,0.16214827117919922
SPY261009P00732000,2026-10-09,732.0,p,2.65,2.67,2.68,2026-09-17 14:30:23+00:00,33.0,412.0,0.16043930389404298
SPY261009P00733000,2026-10-09,733.0,p,2.74,2.76,2.76,2026-09-17 14:29:07+00:00,25.0,353.0,0.15863878479003907
SPY261009P00734000,2026-10-09,734.0,p,2.84,2.87,3.17,2026-09-17 13:36:12+00:00,69.0,243.0,0.15717395568847659
SPY261009P00735000,2026-10-09,735.0,p,2.96,2.99,3.0,2026-09-17 14:30:23+00:00,12240.0,13913.0,0.15580067840576173
SPY261009P00736000,2026-10-09,736.0,p,3.08,3.1,3.11,2026-09-17 14:31:04+00:00,80.0,598.0,0.15412222839355472
SPY261009P00737000,2026-10-09,737.0,p,3.2,3.22,3.35,2026-09-17 14:18:53+00:00,15.0,504.0,0.15253533020019533
SPY261009P00738000,2026-10-09,738.0,p,3.33,3.35,3.62,2026-09-17 14:04:00+00:00,3.0,378.0,0.15103998382568362
SPY261009P00739000,2026-10-09,739.0,p,3.45,3.48,3.53,2026-09-17 14:34:09+00:00,10.0,924.0,0.149422568359375
SPY261009P00740000,2026-10-09,740.0,p,3.6,3.63,3.61,2026-09-17 14:36:49+00:00,96.0,1828.0,0.1480798083496094
SPY261009P00741000,2026-10-09,741.0,p,3.75,3.77,4.16,2026-09-17 14:11:00+00:00,123.0,258.0,0.1464013583374023
SPY261009P00742000,2026-10-09,742.0,p,3.9,3.93,3.97,2026-09-17 14:32:10+00:00,182.0,574.0,0.14496704650878905
SPY261009P00743000,2026-10-09,743.0,p,4.09,4.12,4.11,2026-09-17 14:33:07+00:00,44.0,267.0,0.1438989419555664
SPY261009P00744000,2026-10-09,744.0,p,4.25,4.28,4.27,2026-09-17 14:30:58+00:00,27.0,337.0,0.14218997467041017
SPY261009P00745000,2026-10-09,745.0,p,4.41,4.46,4.42,2026-09-17 14:35:15+00:00,193.0,1451.0,0.14066411102294923
SPY261009P00746000,2026-10-09,746.0,p,4.58,4.64,4.64,2026-09-17 14:33:15+00:00,52.0,547.0,0.13904669555664065
SPY261009P00747000,2026-10-09,747.0,p,4.8,4.85,5.32,2026-09-17 14:11:11+00:00,46.0,755.0,0.13770393554687502
SPY261009P00748000,2026-10-09,748.0,p,5.01,5.07,5.29,2026-09-17 14:14:30+00:00,10.0,486.0,0.13639169281005858
SPY261009P00749000,2026-10-09,749.0,p,5.21,5.26,5.27,2026-09-17 14:36:43+00:00,8.0,2502.0,0.13446910461425782
SPY261009P00750000,2026-10-09,750.0,p,5.46,5.52,5.5,2026-09-17 14:35:33+00:00,365.0,1341.0,0.13343151733398437
SPY261009P00751000,2026-10-09,751.0,p,5.68,5.73,5.75,2026-09-17 14:31:07+00:00,35.0,464.0,0.13150892913818357
SPY261009P00752000,2026-10-09,752.0,p,5.95,6.01,6.24,2026-09-17 14:15:51+00:00,15.0,1831.0,0.13044082458496092
SPY261009P00753000,2026-10-09,753.0,p,6.18,6.24,6.09,2026-09-17 14:27:56+00:00,132.0,8112.0,0.1284572018432617
SPY261009P00754000,2026-10-09,754.0,p,6.49,6.56,6.59,2026-09-17 14:34:09+00:00,284.0,983.0,0.12757220092773439
SPY261009P00755000,2026-10-09,755.0,p,6.75,6.81,6.66,2026-09-17 14:27:56+00:00,253.0,1535.0,0.12552754364013674
SPY261009P00756000,2026-10-09,756.0,p,7.06,7.13,7.14,2026-09-17 14:31:07+00:00,395.0,634.0,0.12426107681274415
SPY261009P00757000,2026-10-09,757.0,p,7.41,7.48,7.29,2026-09-17 14:27:56+00:00,158.0,809.0,0.1231929722595215
SPY261009P00758000,2026-10-09,758.0,p,7.76,7.83,7.85,2026-09-17 14:33:53+00:00,641.0,353.0,0.1219265054321289
SPY261009P00759000,2026-10-09,759.0,p,8.11,8.18,8.17,2026-09-17 14:36:14+00:00,761.0,548.0,0.12043115905761718
SPY261009P00760000,2026-10-09,760.0,p,8.46,8.53,8.54,2026-09-17 14:30:54+00:00,427.0,1595.0,0.11873745040893555
SPY261009P00761000,2026-10-09,761.0,p,8.85,8.92,8.9,2026-09-17 14:31:22+00:00,124.0,352.0,0.1173489144897461
SPY261009P00762000,2026-10-09,762.0,p,9.25,9.32,9.39,2026-09-17 14:29:21+00:00,95.0,909.0,0.11585356811523437
SPY261009P00763000,2026-10-09,763.0,p,9.68,9.75,9.57,2026-09-17 14:28:31+00:00,40.0,1651.0,0.11451080810546876
SPY261009P00764000,2026-10-09,764.0,p,10.13,10.2,10.3,2026-09-17 14:33:49+00:00,192.0,380.0,0.11316804809570313
SPY261009P00765000,2026-10-09,765.0,p,10.62,10.7,10.5,2026-09-17 14:28:27+00:00,13.0,440.0,0.11225252990722655
SPY261009P00766000,2026-10-09,766.0,p,11.09,11.31,11.0,2026-09-17 14:28:27+00:00,4.0,409.0,0.11255770263671874
SPY261009P00767000,2026-10-09,767.0,p,11.57,11.72,11.92,2026-09-17 14:32:38+00:00,2.0,735.0,0.1099026998901367
SPY261009P00768000,2026-10-09,768.0,p,12.15,12.38,12.1,2026-09-17 14:24:44+00:00,27.0,511.0,0.11039097625732422
SPY261009P00769000,2026-10-09,769.0,p,12.71,12.89,19.71,2026-09-16 19:46:19+00:00,72.0,223.0,0.10852942260742188
SPY261009P00770000,2026-10-09,770.0,p,13.28,13.55,13.23,2026-09-17 14:27:08+00:00,102.0,433.0,0.10849890533447265
SPY261009P00771000,2026-10-09,771.0,p,13.84,14.06,14.2,2026-09-17 13:32:22+00:00,4.0,512.0,0.10599648895263672
SPY261009P00772000,2026-10-09,772.0,p,14.47,14.76,15.45,2026-09-17 14:01:05+00:00,41.0,122.0,0.10599648895263672
SPY261009P00773000,2026-10-09,773.0,p,15.14,15.38,15.28,2026-09-17 14:37:04+00:00,4.0,276.0,0.10450114257812498
SPY261009P00774000,2026-10-09,774.0,p,15.87,16.24,15.81,2026-09-17 14:27:08+00:00,2.0,59.0,0.106454248046875
SPY261009P00775000,2026-10-09,775.0,p,16.54,16.87,16.63,2026-09-17 14:26:52+00:00,11.0,334.0,0.10450114257812498
SPY261009P00776000,2026-10-09,776.0,p,17.28,17.61,17.5,2026-09-17 14:22:34+00:00,29.0,22.0,0.1040433834838867
SPY261009P00777000,2026-10-09,777.0,p,18.05,18.42,18.75,2026-09-17 13:39:28+00:00,1.0,35.0,0.10453165985107421
SPY261009P00778000,2026-10-09,778.0,p,18.73,19.14,18.98,2026-09-17 14:24:41+00:00,1.0,37.0,0.10309734802246093
SPY261009P00780000,2026-10-09,780.0,p,20.38,20.82,20.87,2026-09-15 19:58:52+00:00,2.0,103.0,0.10395183166503905
SPY261009P00781000,2026-10-09,781.0,p,21.18,21.73,25.77,2026-09-15 14:30:45+00:00,2.0,5.0,0.1054776953125
SPY261009P00783000,2026-10-09,783.0,p,22.02,24.73,27.6,2026-09-15 14:30:45+00:00,6.0,4.0,0.13208875732421876
SPY261009P00785000,2026-10-09,785.0,p,23.73,26.47,28.65,2026-09-15 14:15:50+00:00,4.0,6.0,0.1341028973388672
SPY261009P00790000,2026-10-09,790.0,p,28.59,31.11,31.0,2026-09-14 15:36:50+00:00,4.0,24.0,0.1431970446777344
SPY261009P00792000,2026-10-09,792.0,p,30.48,33.21,35.0,2026-09-14 15:00:32+00:00,3.0,6.0,0.15180291564941406
SPY261009P00800000,2026-10-09,800.0,p,38.43,41.17,42.88,2026-09-15 14:10:05+00:00,1.0,2.0,0.17566742309570313
SPY261009P00821000,2026-10-09,821.0,p,59.41,62.2,59.6,2026-09-14 16:59:20+00:00,4.0,5.0,0.2366409344482422
SPY261030C00575000,2026-10-30,575.0,c,186.47,190.43,186.39,2026-09-15 14:00:18+00:00,1.0,32.0,0.5630536859130859
SPY261030C00585000,2026-10-30,585.0,c,176.47,180.06,170.5,2026-09-16 19:08:21+00:00,25.0,9.0,0.5241746801757812
SPY261030C00590000,2026-10-30,590.0,c,171.54,175.68,173.9,2026-09-17 14:27:56+00:00,25.0,33.0,0.5288133056640626
SPY261030C00595000,2026-10-30,595.0,c,166.6,170.73,165.9,2026-09-16 13:43:22+00:00,2.0,282.0,0.5164232928466796
SPY261030C00600000,2026-10-30,600.0,c,161.73,165.72,163.67,2026-09-14 16:14:53+00:00,3.0,27.0,0.5023853472900393
SPY261030C00605000,2026-10-30,605.0,c,156.82,160.79,149.83,2026-09-16 19:46:46+00:00,1.0,10.0,0.4905446453857423
SPY261030C00610000,2026-10-30,610.0,c,151.89,155.88,149.47,2026-09-15 18:19:22+00:00,10.0,30.0,0.47922273712158203
SPY261030C00615000,2026-10-30,615.0,c,146.83,151.0,147.32,2026-09-16 13:57:48+00:00,1.0,4.0,0.46857220886230466
SPY261030C00630000,2026-10-30,630.0,c,132.06,136.24,126.67,2026-09-16 19:57:48+00:00,3.0,13.0,0.43329424133300787
SPY261030C00640000,2026-10-30,640.0,c,122.27,126.42,116.26,2026-09-16 19:49:26+00:00,1.0,88.0,0.4099790447998046
SPY261030C00641000,2026-10-30,641.0,c,121.36,124.88,121.67,2026-09-16 14:05:29+00:00,4.0,3239.0,0.3952697192382813
SPY261030C00642000,2026-10-30,642.0,c,120.41,124.38,120.47,2026-09-15 13:53:01+00:00,2.0,53.0,0.4036314520263672
SPY261030C00645000,2026-10-30,645.0,c,117.34,121.51,116.97,2026-09-16 18:31:48+00:00,2.0,19.0,0.39819937744140627
SPY261030C00646000,2026-10-30,646.0,c,116.37,120.53,117.68,2026-09-16 15:27:28+00:00,8.0,7.0,0.39588006469726567
SPY261030C00650000,2026-10-30,650.0,c,112.54,116.55,112.87,2026-09-16 17:57:00+00:00,17.0,86.0,0.38532108825683586
SPY261030C00656000,2026-10-30,656.0,c,106.68,110.71,108.53,2026-09-17 14:25:27+00:00,23.0,176.0,0.372076591796875
SPY261030C00665000,2026-10-30,665.0,c,98.31,101.2,97.83,2026-09-16 14:23:46+00:00,4.0,16.0,0.33740896972656254
SPY261030C00668000,2026-10-30,668.0,c,95.4,98.9,95.08,2026-09-16 14:15:07+00:00,2.0,4.0,0.3425358715820312
SPY261030C00670000,2026-10-30,670.0,c,93.46,96.84,94.85,2026-09-17 14:23:36+00:00,1.0,38.0,0.33588310607910155
SPY261030C00671000,2026-10-30,671.0,c,92.49,95.97,91.73,2026-09-14 14:59:57+00:00,2.0,0.0,0.3354863815307617
SPY261030C00673000,2026-10-30,673.0,c,90.55,93.86,93.0,2026-09-16 18:42:10+00:00,1.0,30.0,0.32794861511230466
SPY261030C00674000,2026-10-30,674.0,c,89.59,92.91,87.35,2026-09-15 17:39:58+00:00,15.0,16.0,0.32605654418945307
SPY261030C00675000,2026-10-30,675.0,c,88.62,91.56,86.24,2026-09-15 17:44:07+00:00,1.0,5.0,0.3169623968505859
SPY261030C00680000,2026-10-30,680.0,c,83.8,87.18,85.56,2026-09-17 14:23:59+00:00,2.0,142.0,0.31403273864746095
SPY261030C00682000,2026-10-30,682.0,c,81.87,85.07,79.27,2026-09-15 14:57:12+00:00,1.0,4.0,0.30655600677490236
SPY261030C00684000,2026-10-30,684.0,c,79.96,83.34,80.97,2026-09-17 14:18:22+00:00,1.0,4.0,0.3054573849487304
SPY261030C00685000,2026-10-30,685.0,c,79.0,82.2,81.93,2026-09-16 19:13:40+00:00,1.0,14.0,0.3002999658203125
SPY261030C00686000,2026-10-30,686.0,c,78.04,81.24,78.11,2026-09-15 13:49:52+00:00,1.0,19.0,0.2981637567138671
SPY261030C00687000,2026-10-30,687.0,c,77.08,80.28,74.77,2026-09-15 14:59:03+00:00,2.0,11.0,0.29596651306152344
SPY261030C00689000,2026-10-30,689.0,c,75.17,78.65,73.16,2026-09-15 19:56:42+00:00,8.0,3068.0,0.2962716857910156
SPY261030C00690000,2026-10-30,690.0,c,74.22,77.7,66.46,2026-09-16 19:20:45+00:00,49.0,730.0,0.2941965112304687
SPY261030C00692000,2026-10-30,692.0,c,72.32,75.75,72.61,2026-09-17 14:05:13+00:00,2.0,142.0,0.28922219573974606
SPY261030C00693000,2026-10-30,693.0,c,71.37,74.57,71.26,2026-09-16 14:43:46+00:00,1.0,2005.0,0.28351546569824215
SPY261030C00695000,2026-10-30,695.0,c,69.47,72.97,69.55,2026-09-16 13:49:17+00:00,198.0,1866.0,0.283912190246582
SPY261030C00697000,2026-10-30,697.0,c,67.58,71.08,67.87,2026-09-16 13:48:51+00:00,2.0,8.0,0.27973132385253896
SPY261030C00698000,2026-10-30,698.0,c,66.63,70.15,67.59,2026-09-16 15:44:18+00:00,1.0,1239.0,0.2778392529296875
SPY261030C00700000,2026-10-30,700.0,c,66.2,66.7,65.6,2026-09-17 13:41:46+00:00,1.0,1540.0,0.24997698272705077
SPY261030C00706000,2026-10-30,706.0,c,59.14,61.08,59.42,2026-09-16 18:30:05+00:00,2.0,90.0,0.2386855917358398
SPY261030C00708000,2026-10-30,708.0,c,57.28,59.17,59.34,2026-09-17 13:31:58+00:00,1.0,16.0,0.2342605871582031
SPY261030C00709000,2026-10-30,709.0,c,56.36,58.23,50.96,2026-09-16 19:11:47+00:00,7.0,17.0,0.23221592987060546
SPY261030C00710000,2026-10-30,710.0,c,55.43,57.27,49.69,2026-09-16 19:14:59+00:00,2.0,805.0,0.2298966171264648
SPY261030C00711000,2026-10-30,711.0,c,54.51,56.42,55.7,2026-09-14 15:10:52+00:00,1.0,98.0,0.2291031680297852
SPY261030C00712000,2026-10-30,712.0,c,53.59,55.44,54.07,2026-09-16 18:14:59+00:00,3.0,40.0,0.2264481652832031
SPY261030C00713000,2026-10-30,713.0,c,54.12,54.57,51.23,2026-09-15 14:42:59+00:00,77.0,78.0,0.22528850891113278
SPY261030C00715000,2026-10-30,715.0,c,50.85,52.7,52.04,2026-09-17 13:30:00+00:00,1.0,995.0,0.22113815979003904
SPY261030C00716000,2026-10-30,716.0,c,49.94,51.88,53.09,2026-09-14 17:09:51+00:00,3.0,14.0,0.2205583316040039
SPY261030C00718000,2026-10-30,718.0,c,48.13,49.95,48.68,2026-09-16 14:05:12+00:00,1.0,20.0,0.21546194702148438
SPY261030C00719000,2026-10-30,719.0,c,47.23,49.16,43.07,2026-09-16 19:56:58+00:00,2.0,106.0,0.2151567742919922
SPY261030C00720000,2026-10-30,720.0,c,46.33,48.18,42.09,2026-09-16 19:57:30+00:00,29.0,949.0,0.21234918518066404
SPY261030C00721000,2026-10-30,721.0,c,45.43,47.32,41.33,2026-09-16 19:56:17+00:00,4.0,10.0,0.21108271835327147
SPY261030C00722000,2026-10-30,722.0,c,46.03,46.43,45.28,2026-09-16 18:15:18+00:00,1.0,50.0,0.2093890097045898
SPY261030C00723000,2026-10-30,723.0,c,45.15,45.54,37.14,2026-09-16 19:21:12+00:00,3.0,37.0,0.20764952514648435
SPY261030C00725000,2026-10-30,725.0,c,43.39,43.72,38.04,2026-09-16 20:07:12+00:00,20.0,520.0,0.20357546920776365
SPY261030C00728000,2026-10-30,728.0,c,40.77,41.14,40.29,2026-09-16 15:34:56+00:00,2.0,279.0,0.19904365417480469
SPY261030C00729000,2026-10-30,729.0,c,39.83,40.17,39.35,2026-09-16 18:13:04+00:00,1.0,94.0,0.1961597718811035
SPY261030C00730000,2026-10-30,730.0,c,39.06,39.3,38.67,2026-09-17 13:56:24+00:00,1.0,888.0,0.19442028732299804
SPY261030C00731000,2026-10-30,731.0,c,38.18,38.5,35.77,2026-09-15 14:45:11+00:00,2.0,90.0,0.1934589932250977
SPY261030C00733000,2026-10-30,733.0,c,36.5,36.82,31.56,2026-09-16 20:05:26+00:00,202.0,179.0,0.1904530418395996
SPY261030C00734000,2026-10-30,734.0,c,35.73,36.01,33.22,2026-09-15 19:21:14+00:00,1.0,43.0,0.18921709228515626
SPY261030C00735000,2026-10-30,735.0,c,34.8,35.04,35.28,2026-09-17 13:33:00+00:00,2.0,223.0,0.18613484771728517
SPY261030C00736000,2026-10-30,736.0,c,33.99,34.3,33.83,2026-09-17 13:48:48+00:00,1.0,63.0,0.1855855368041992
SPY261030C00737000,2026-10-30,737.0,c,32.19,33.49,32.33,2026-09-17 14:06:54+00:00,13.0,106.0,0.18421225952148437
SPY261030C00738000,2026-10-30,738.0,c,32.31,32.57,32.52,2026-09-17 14:34:44+00:00,1.0,142.0,0.18157251541137692
SPY261030C00739000,2026-10-30,739.0,c,31.45,31.78,25.74,2026-09-16 19:11:01+00:00,4.0,209.0,0.18030604858398439
SPY261030C00740000,2026-10-30,740.0,c,30.65,30.9,30.76,2026-09-17 14:33:38+00:00,118.0,1827.0,0.17801725311279298
SPY261030C00741000,2026-10-30,741.0,c,29.91,30.15,30.7,2026-09-16 20:06:44+00:00,3.0,161.0,0.17707121765136719
SPY261030C00742000,2026-10-30,742.0,c,27.98,29.38,29.17,2026-09-17 14:33:29+00:00,42.0,336.0,0.17583526809692385
SPY261030C00743000,2026-10-30,743.0,c,26.84,28.61,23.76,2026-09-16 19:56:30+00:00,2.0,1067.0,0.17453828399658206
SPY261030C00744000,2026-10-30,744.0,c,27.54,27.79,27.55,2026-09-17 13:31:41+00:00,11.0,289.0,0.1726767303466797
SPY261030C00745000,2026-10-30,745.0,c,26.83,27.0,26.48,2026-09-17 13:52:46+00:00,6.0,1025.0,0.17105931488037113
SPY261030C00746000,2026-10-30,746.0,c,25.97,26.2,23.9,2026-09-16 18:49:27+00:00,5.0,300.0,0.16928931304931644
SPY261030C00747000,2026-10-30,747.0,c,25.21,25.41,21.0,2026-09-16 19:57:01+00:00,2.0,178.0,0.16754982849121097
SPY261030C00748000,2026-10-30,748.0,c,24.45,24.67,20.29,2026-09-16 19:57:04+00:00,34.0,86.0,0.16623758575439457
SPY261030C00749000,2026-10-30,749.0,c,23.79,23.97,17.48,2026-09-16 19:27:27+00:00,3.0,376.0,0.16527629165649416
SPY261030C00750000,2026-10-30,750.0,c,23.03,23.19,23.02,2026-09-17 14:35:27+00:00,128.0,2665.0,0.16342999664306646
SPY261030C00751000,2026-10-30,751.0,c,22.19,22.42,21.85,2026-09-17 13:56:32+00:00,5.0,284.0,0.16162947753906248
SPY261030C00752000,2026-10-30,752.0,c,21.53,21.72,21.13,2026-09-17 13:47:03+00:00,15.0,359.0,0.16043930389404298
SPY261030C00753000,2026-10-30,753.0,c,20.82,21.0,20.94,2026-09-17 14:22:50+00:00,7.0,45.0,0.1589744747924805
SPY261030C00754000,2026-10-30,754.0,c,20.05,20.27,20.18,2026-09-17 14:33:07+00:00,51.0,223.0,0.15734180068969728
SPY261030C00755000,2026-10-30,755.0,c,19.47,19.58,19.4,2026-09-17 14:29:53+00:00,253.0,915.0,0.15601429931640626
SPY261030C00756000,2026-10-30,756.0,c,18.73,18.91,18.4,2026-09-17 13:41:17+00:00,25.0,60.0,0.15479360839843753
SPY261030C00757000,2026-10-30,757.0,c,18.05,18.23,18.27,2026-09-17 14:34:42+00:00,43.0,360.0,0.15338981384277345
SPY261030C00758000,2026-10-30,758.0,c,17.39,17.56,17.5,2026-09-17 14:34:21+00:00,22.0,152.0,0.15200127792358398
SPY261030C00759000,2026-10-30,759.0,c,16.79,16.91,16.82,2026-09-17 14:24:22+00:00,108.0,235.0,0.15071955245971685
SPY261030C00760000,2026-10-30,760.0,c,16.13,16.21,16.25,2026-09-17 14:34:39+00:00,324.0,3718.0,0.14887325744628904
SPY261030C00761000,2026-10-30,761.0,c,15.51,15.58,15.47,2026-09-17 14:30:24+00:00,326.0,196.0,0.1475915319824219
SPY261030C00762000,2026-10-30,762.0,c,14.89,14.95,14.95,2026-09-17 14:31:23+00:00,108.0,214.0,0.146218254699707
SPY261030C00763000,2026-10-30,763.0,c,14.26,14.32,14.43,2026-09-17 14:28:17+00:00,33.0,144.0,0.1447381669616699
SPY261030C00764000,2026-10-30,764.0,c,13.67,13.74,13.65,2026-09-17 14:35:34+00:00,23.0,263.0,0.14363954513549804
SPY261030C00765000,2026-10-30,765.0,c,13.1,13.17,13.14,2026-09-17 14:31:07+00:00,95.0,1699.0,0.14254092330932616
SPY261030C00766000,2026-10-30,766.0,c,12.5,12.56,12.57,2026-09-17 14:28:50+00:00,12.0,619.0,0.14095402511596683
SPY261030C00767000,2026-10-30,767.0,c,11.99,12.05,12.0,2026-09-17 14:22:35+00:00,63.0,1056.0,0.14020635192871095
SPY261030C00768000,2026-10-30,768.0,c,11.43,11.49,11.4,2026-09-17 14:22:07+00:00,7.0,654.0,0.13887885055541993
SPY261030C00769000,2026-10-30,769.0,c,10.9,10.97,10.99,2026-09-17 14:25:02+00:00,54.0,323.0,0.1378260046386719
SPY261030C00770000,2026-10-30,770.0,c,10.37,10.44,10.44,2026-09-17 14:31:22+00:00,335.0,4051.0,0.13654427917480472
SPY261030C00771000,2026-10-30,771.0,c,9.88,9.94,9.86,2026-09-17 14:30:23+00:00,58.0,446.0,0.13544565734863284
SPY261030C00772000,2026-10-30,772.0,c,9.38,9.44,8.82,2026-09-17 14:09:26+00:00,8.0,332.0,0.13424022506713867
SPY261030C00773000,2026-10-30,773.0,c,8.91,8.96,8.46,2026-09-17 14:06:46+00:00,194.0,408.0,0.13309582733154296
SPY261030C00774000,2026-10-30,774.0,c,8.48,8.53,8.48,2026-09-17 14:37:21+00:00,539.0,463.0,0.13233289550781252
SPY261030C00775000,2026-10-30,775.0,c,8.03,8.09,8.06,2026-09-17 14:35:58+00:00,79.0,5383.0,0.1313563427734375
SPY261030C00776000,2026-10-30,776.0,c,7.61,7.66,7.16,2026-09-17 14:09:37+00:00,73.0,1286.0,0.13033401412963863
SPY261030C00777000,2026-10-30,777.0,c,7.2,7.27,7.26,2026-09-17 14:34:45+00:00,34.0,777.0,0.12961685821533203
SPY261030C00778000,2026-10-30,778.0,c,6.8,6.85,6.78,2026-09-17 14:33:46+00:00,30.0,818.0,0.12842668457031248
SPY261030C00779000,2026-10-30,779.0,c,6.43,6.48,6.42,2026-09-17 14:30:42+00:00,16.0,417.0,0.12766375274658204
SPY261030C00780000,2026-10-30,780.0,c,6.05,6.1,6.09,2026-09-17 14:25:59+00:00,221.0,7644.0,0.12664142410278317
SPY261030C00781000,2026-10-30,781.0,c,5.7,5.76,5.78,2026-09-17 14:27:11+00:00,43.0,708.0,0.12592426818847657
SPY261030C00782000,2026-10-30,782.0,c,5.37,5.41,5.16,2026-09-17 14:00:19+00:00,3.0,733.0,0.12494771545410156
SPY261030C00783000,2026-10-30,783.0,c,5.05,5.11,5.01,2026-09-17 14:20:45+00:00,12.0,21235.0,0.12442892181396485
SPY261030C00784000,2026-10-30,784.0,c,4.75,4.79,4.81,2026-09-17 14:23:40+00:00,102.0,216.0,0.1235134036254883
SPY261030C00785000,2026-10-30,785.0,c,4.46,4.47,4.51,2026-09-17 14:36:53+00:00,125.0,7343.0,0.12244529907226565
SPY261030C00786000,2026-10-30,786.0,c,4.2,4.22,4.19,2026-09-17 14:31:35+00:00,17.0,258.0,0.12210960906982424
SPY261030C00787000,2026-10-30,787.0,c,3.94,3.96,3.92,2026-09-17 14:34:05+00:00,9.0,167.0,0.12149926361083985
SPY261030C00788000,2026-10-30,788.0,c,3.7,3.73,3.56,2026-09-17 13:51:53+00:00,13.0,301.0,0.12114831497192383
SPY261030C00789000,2026-10-30,789.0,c,3.46,3.49,3.5,2026-09-17 14:23:40+00:00,275.0,358.0,0.12052271087646485
SPY261030C00790000,2026-10-30,790.0,c,3.23,3.25,3.26,2026-09-17 14:36:08+00:00,405.0,6480.0,0.11975977905273436
SPY261030C00791000,2026-10-30,791.0,c,3.02,3.04,3.03,2026-09-17 14:31:35+00:00,63.0,213.0,0.11927150268554687
SPY261030C00792000,2026-10-30,792.0,c,2.83,2.86,2.78,2026-09-17 14:20:33+00:00,217.0,97.0,0.11905788177490234
SPY261030C00793000,2026-10-30,793.0,c,2.64,2.67,2.64,2026-09-17 14:33:41+00:00,175.0,308.0,0.11856960540771484
SPY261030C00794000,2026-10-30,794.0,c,2.47,2.49,2.49,2026-09-17 14:25:12+00:00,37.0,223.0,0.11811184631347656
SPY261030C00795000,2026-10-30,795.0,c,2.3,2.32,2.3,2026-09-17 14:31:45+00:00,321.0,1043.0,0.11765408721923828
SPY261030C00796000,2026-10-30,796.0,c,2.14,2.16,2.09,2026-09-17 14:19:36+00:00,35.0,179.0,0.11722684539794923
SPY261030C00797000,2026-10-30,797.0,c,2.0,2.02,2.01,2026-09-17 14:29:34+00:00,43.0,1364.0,0.11701322448730468
SPY261030C00798000,2026-10-30,798.0,c,1.85,1.88,1.88,2026-09-17 14:26:46+00:00,14.0,259.0,0.11664701721191406
SPY261030C00799000,2026-10-30,799.0,c,1.73,1.75,1.6,2026-09-17 14:13:01+00:00,4.0,601.0,0.11634184448242188
SPY261030C00800000,2026-10-30,800.0,c,1.61,1.62,1.62,2026-09-17 14:34:26+00:00,275.0,17546.0,0.1158840853881836
SPY261030C00801000,2026-10-30,801.0,c,1.5,1.51,1.51,2026-09-17 14:26:58+00:00,23.0,866.0,0.11570098175048829
SPY261030C00802000,2026-10-30,802.0,c,1.39,1.42,1.39,2026-09-17 13:32:03+00:00,10.0,629.0,0.11582305084228516
SPY261030C00803000,2026-10-30,803.0,c,1.29,1.31,1.31,2026-09-17 14:31:15+00:00,3.0,2013.0,0.11536529174804688
SPY261030C00804000,2026-10-30,804.0,c,1.21,1.22,1.16,2026-09-17 14:17:16+00:00,13.0,791.0,0.11524322265625
SPY261030C00805000,2026-10-30,805.0,c,1.13,1.14,1.14,2026-09-17 14:26:46+00:00,20.0,1369.0,0.11524322265625
SPY261030C00806000,2026-10-30,806.0,c,1.05,1.06,1.06,2026-09-17 14:31:15+00:00,23.0,870.0,0.11512115356445313
SPY261030C00807000,2026-10-30,807.0,c,0.98,0.99,0.91,2026-09-17 13:45:18+00:00,1.0,733.0,0.11512115356445313
SPY261030C00808000,2026-10-30,808.0,c,0.9,0.91,0.84,2026-09-17 14:04:24+00:00,2.0,1018.0,0.1147549462890625
SPY261030C00809000,2026-10-30,809.0,c,0.85,0.86,0.68,2026-09-16 18:47:54+00:00,8.0,565.0,0.11512115356445313
SPY261030C00810000,2026-10-30,810.0,c,0.78,0.79,0.8,2026-09-17 14:24:54+00:00,20.0,2919.0,0.1147549462890625
SPY261030C00811000,2026-10-30,811.0,c,0.74,0.75,0.71,2026-09-17 14:19:36+00:00,2.0,619.0,0.11524322265625
SPY261030C00812000,2026-10-30,812.0,c,0.68,0.69,0.69,2026-09-17 13:31:23+00:00,1.0,148.0,0.11499908447265625
SPY261030C00813000,2026-10-30,813.0,c,0.64,0.65,0.59,2026-09-17 13:41:27+00:00,12.0,145.0,0.11530425720214844
SPY261030C00814000,2026-10-30,814.0,c,0.59,0.6,0.55,2026-09-17 14:06:10+00:00,6.0,1396.0,0.11512115356445313
SPY261030C00815000,2026-10-30,815.0,c,0.56,0.57,0.53,2026-09-17 14:17:02+00:00,22.0,2363.0,0.11560942993164064
SPY261030C00816000,2026-10-30,816.0,c,0.53,0.54,0.4,2026-09-16 18:36:09+00:00,2.0,982.0,0.11609770629882812
SPY261030C00817000,2026-10-30,817.0,c,0.49,0.5,0.5,2026-09-17 14:29:34+00:00,5.0,1262.0,0.11603667175292968
SPY261030C00818000,2026-10-30,818.0,c,0.46,0.47,0.33,2026-09-16 19:58:00+00:00,72.0,631.0,0.11634184448242188
SPY261030C00819000,2026-10-30,819.0,c,0.43,0.44,0.41,2026-09-16 14:39:05+00:00,1.0,165.0,0.1165249481201172
SPY261030C00820000,2026-10-30,820.0,c,0.4,0.41,0.38,2026-09-17 14:14:56+00:00,4.0,1366.0,0.11658598266601564
SPY261030C00821000,2026-10-30,821.0,c,0.38,0.39,0.37,2026-09-17 13:47:37+00:00,25.0,2024.0,0.117196328125
SPY261030C00822000,2026-10-30,822.0,c,0.36,0.37,0.2,2026-09-16 19:14:50+00:00,8.0,810.0,0.1176846044921875
SPY261030C00823000,2026-10-30,823.0,c,0.34,0.35,0.31,2026-09-15 14:30:33+00:00,1.0,52.0,0.11805081176757812
SPY261030C00824000,2026-10-30,824.0,c,0.32,0.33,0.29,2026-09-17 14:07:38+00:00,1.0,452.0,0.11841701904296875
SPY261030C00825000,2026-10-30,825.0,c,0.3,0.31,0.33,2026-09-16 19:23:18+00:00,1.0,878.0,0.1186611572265625
SPY261030C00826000,2026-10-30,826.0,c,0.28,0.29,0.33,2026-09-14 15:58:44+00:00,1.0,32.0,0.11890529541015624
SPY261030C00827000,2026-10-30,827.0,c,0.27,0.28,0.23,2026-09-16 18:42:00+00:00,1.0,1121.0,0.11963770996093749
SPY261030C00828000,2026-10-30,828.0,c,0.25,0.26,0.23,2026-09-17 13:44:04+00:00,1.0,33.0,0.11975977905273436
SPY261030C00829000,2026-10-30,829.0,c,0.24,0.25,0.14,2026-09-16 19:18:45+00:00,3.0,67.0,0.12049219360351562
SPY261030C00830000,2026-10-30,830.0,c,0.23,0.24,0.22,2026-09-17 14:18:23+00:00,5.0,9995.0,0.1211025390625
SPY261030C00831000,2026-10-30,831.0,c,0.22,0.23,0.22,2026-09-17 14:15:15+00:00,1.0,32.0,0.12183495361328125
SPY261030C00833000,2026-10-30,833.0,c,0.2,0.21,0.16,2026-09-15 14:41:43+00:00,150.0,302.0,0.12293357543945313
SPY261030C00834000,2026-10-30,834.0,c,0.19,0.2,0.13,2026-09-16 19:01:59+00:00,4.0,125.0,0.12342185180664064
SPY261030C00835000,2026-10-30,835.0,c,0.18,0.19,0.14,2026-09-16 18:53:32+00:00,7.0,398.0,0.12391012817382813
SPY261030C00840000,2026-10-30,840.0,c,0.14,0.15,0.12,2026-09-16 18:26:41+00:00,81.0,734.0,0.12647357910156248
SPY261030C00845000,2026-10-30,845.0,c,0.12,0.13,0.11,2026-09-17 13:51:39+00:00,1.0,565.0,0.13062392822265623
SPY261030C00850000,2026-10-30,850.0,c,0.1,0.11,0.11,2026-09-17 14:16:25+00:00,1.0,2203.0,0.13404186279296876
SPY261030P00575000,2026-10-30,575.0,p,0.43,0.44,0.45,2026-09-17 14:02:55+00:00,1.0,1228.0,0.37036762451171873
SPY261030P00580000,2026-10-30,580.0,p,0.45,0.46,0.65,2026-09-16 20:08:58+00:00,31.0,3672.0,0.36255520263671875
SPY261030P00585000,2026-10-30,585.0,p,0.48,0.49,0.65,2026-09-16 18:51:49+00:00,279.0,577.0,0.3557193334960937
SPY261030P00590000,2026-10-30,590.0,p,0.51,0.52,0.73,2026-09-16 20:07:32+00:00,336.0,958.0,0.348639326171875
SPY261030P00595000,2026-10-30,595.0,p,0.54,0.55,0.87,2026-09-16 19:15:51+00:00,30.0,21110.0,0.3414372497558594
SPY261030P00600000,2026-10-30,600.0,p,0.58,0.59,0.58,2026-09-17 14:24:51+00:00,9.0,21240.0,0.33484551879882807
SPY261030P00605000,2026-10-30,605.0,p,0.62,0.63,0.88,2026-09-16 20:07:49+00:00,43.0,998.0,0.3280096496582031
SPY261030P00610000,2026-10-30,610.0,p,0.66,0.67,0.7,2026-09-17 14:09:23+00:00,3.0,701.0,0.3210517114257812
SPY261030P00615000,2026-10-30,615.0,p,0.71,0.72,0.73,2026-09-17 13:41:07+00:00,16.0,652.0,0.31445998046874996
SPY261030P00620000,2026-10-30,620.0,p,0.75,0.76,0.74,2026-09-17 13:32:12+00:00,1.0,2101.0,0.30689169677734374
SPY261030P00625000,2026-10-30,625.0,p,0.8,0.81,0.8,2026-09-17 14:24:12+00:00,6.0,832.0,0.299811689453125
SPY261030P00630000,2026-10-30,630.0,p,0.86,0.87,0.88,2026-09-17 14:00:01+00:00,6.0,1782.0,0.2930978894042968
SPY261030P00635000,2026-10-30,635.0,p,0.92,0.93,0.96,2026-09-17 14:02:09+00:00,47.0,637.0,0.28613995117187496
SPY261030P00640000,2026-10-30,640.0,p,0.97,0.98,1.0,2026-09-17 14:30:19+00:00,6.0,364.0,0.278327529296875
SPY261030P00642000,2026-10-30,642.0,p,1.01,1.02,1.44,2026-09-15 19:34:55+00:00,2.0,130.0,0.2761302856445312
SPY261030P00644000,2026-10-30,644.0,p,1.03,1.04,1.58,2026-09-16 19:39:21+00:00,4.0,401.0,0.27295648925781246
SPY261030P00645000,2026-10-30,645.0,p,1.06,1.07,1.11,2026-09-17 14:12:00+00:00,8.0,222.0,0.2722851092529296
SPY261030P00646000,2026-10-30,646.0,p,1.07,1.08,1.06,2026-09-17 14:27:55+00:00,1.0,141.0,0.2706371765136719
SPY261030P00647000,2026-10-30,647.0,p,1.09,1.1,1.68,2026-09-16 19:43:09+00:00,102.0,117.0,0.2694164855957031
SPY261030P00648000,2026-10-30,648.0,p,1.1,1.11,1.06,2026-09-17 13:30:00+00:00,1.0,401.0,0.26782958740234375
SPY261030P00649000,2026-10-30,649.0,p,1.12,1.13,1.59,2026-09-16 19:51:07+00:00,1.0,157.0,0.266608896484375
SPY261030P00650000,2026-10-30,650.0,p,1.14,1.15,1.12,2026-09-17 14:28:45+00:00,39.0,15291.0,0.26538820556640624
SPY261030P00652000,2026-10-30,652.0,p,1.16,1.17,1.93,2026-09-16 19:18:51+00:00,86.0,278.0,0.26197027099609377
SPY261030P00653000,2026-10-30,653.0,p,1.18,1.19,1.66,2026-09-16 18:55:29+00:00,279.0,509.0,0.26068854553222653
SPY261030P00654000,2026-10-30,654.0,p,1.21,1.22,1.71,2026-09-16 19:51:07+00:00,25.0,175.0,0.2598340618896484
SPY261030P00655000,2026-10-30,655.0,p,1.23,1.24,1.23,2026-09-17 13:49:55+00:00,1.0,187.0,0.2585523364257813
SPY261030P00656000,2026-10-30,656.0,p,1.25,1.26,1.28,2026-09-17 13:41:04+00:00,2.0,497.0,0.2572095764160156
SPY261030P00657000,2026-10-30,657.0,p,1.27,1.28,1.21,2026-09-17 13:30:03+00:00,2.0,483.0,0.25586681640625003
SPY261030P00658000,2026-10-30,658.0,p,1.28,1.29,2.2,2026-09-16 19:21:40+00:00,6.0,84.0,0.2540968145751954
SPY261030P00659000,2026-10-30,659.0,p,1.31,1.32,1.74,2026-09-16 18:51:25+00:00,262.0,315.0,0.25312026184082037
SPY261030P00660000,2026-10-30,660.0,p,1.32,1.33,1.33,2026-09-17 14:36:25+00:00,37.0,942.0,0.25135026000976557
SPY261030P00661000,2026-10-30,661.0,p,1.35,1.36,2.26,2026-09-16 19:29:26+00:00,37.0,73.0,0.2503126727294922
SPY261030P00662000,2026-10-30,662.0,p,1.36,1.37,1.36,2026-09-17 14:28:35+00:00,3.0,258.0,0.2485426708984375
SPY261030P00663000,2026-10-30,663.0,p,1.38,1.39,1.47,2026-09-17 14:11:03+00:00,188.0,420.0,0.247077841796875
SPY261030P00664000,2026-10-30,664.0,p,1.4,1.41,2.04,2026-09-16 19:52:54+00:00,56.0,838.0,0.2456130126953125
SPY261030P00665000,2026-10-30,665.0,p,1.43,1.45,1.49,2026-09-17 14:04:18+00:00,2.0,364.0,0.24488059814453128
SPY261030P00666000,2026-10-30,666.0,p,1.45,1.46,1.46,2026-09-17 14:30:30+00:00,5.0,185.0,0.2430495617675781
SPY261030P00667000,2026-10-30,667.0,p,1.48,1.49,1.5,2026-09-17 13:52:19+00:00,10.0,309.0,0.24195093994140626
SPY261030P00668000,2026-10-30,668.0,p,1.5,1.51,1.93,2026-09-14 15:59:00+00:00,2.0,53.0,0.24042507629394527
SPY261030P00670000,2026-10-30,670.0,p,1.56,1.57,1.59,2026-09-17 13:48:47+00:00,3.0,76068.0,0.23804472900390622
SPY261030P00671000,2026-10-30,671.0,p,1.58,1.59,2.32,2026-09-16 19:53:35+00:00,30.0,122.0,0.23645783081054686
SPY261030P00672000,2026-10-30,672.0,p,1.61,1.62,1.72,2026-09-17 14:08:54+00:00,1.0,38.0,0.2352371398925781
SPY261030P00673000,2026-10-30,673.0,p,1.63,1.64,2.76,2026-09-16 19:18:43+00:00,10.0,828.0,0.23365024169921872
SPY261030P00674000,2026-10-30,674.0,p,1.66,1.67,2.62,2026-09-16 19:42:01+00:00,6.0,203.0,0.23230748168945312
SPY261030P00675000,2026-10-30,675.0,p,1.69,1.7,1.73,2026-09-17 14:18:23+00:00,104.0,949.0,0.23102575622558597
SPY261030P00676000,2026-10-30,676.0,p,1.72,1.73,1.85,2026-09-17 14:08:54+00:00,3.0,87.0,0.2296829962158203
SPY261030P00677000,2026-10-30,677.0,p,1.76,1.77,1.78,2026-09-17 13:47:57+00:00,1.0,180.0,0.22864540893554688
SPY261030P00678000,2026-10-30,678.0,p,1.78,1.79,1.78,2026-09-17 14:23:07+00:00,1.0,285.0,0.22699747619628902
SPY261030P00679000,2026-10-30,679.0,p,1.82,1.83,2.82,2026-09-16 19:39:48+00:00,14.0,222.0,0.2258988543701172
SPY261030P00680000,2026-10-30,680.0,p,1.86,1.87,1.87,2026-09-17 14:31:41+00:00,104.0,1893.0,0.22473919799804684
SPY261030P00681000,2026-10-30,681.0,p,1.89,1.9,1.94,2026-09-17 13:45:18+00:00,1.0,276.0,0.22333540344238278
SPY261030P00682000,2026-10-30,682.0,p,1.93,1.94,1.99,2026-09-17 14:16:05+00:00,10.0,191.0,0.222114712524414
SPY261030P00683000,2026-10-30,683.0,p,1.95,1.96,2.06,2026-09-17 14:02:02+00:00,1.0,1829.0,0.22040574523925777
SPY261030P00684000,2026-10-30,684.0,p,1.99,2.01,3.38,2026-09-16 19:29:26+00:00,3.0,529.0,0.2194291925048828
SPY261030P00685000,2026-10-30,685.0,p,2.04,2.05,2.18,2026-09-17 14:07:38+00:00,11.0,9463.0,0.2181779843139648
SPY261030P00686000,2026-10-30,686.0,p,2.07,2.08,2.18,2026-09-17 14:01:43+00:00,26.0,339.0,0.21662160339355468
SPY261030P00687000,2026-10-30,687.0,p,2.1,2.12,2.14,2026-09-16 19:49:58+00:00,1.0,145.0,0.2153398779296875
SPY261030P00688000,2026-10-30,688.0,p,2.16,2.17,2.14,2026-09-17 14:31:15+00:00,5.0,3077.0,0.2142412561035156
SPY261030P00689000,2026-10-30,689.0,p,2.18,2.2,2.69,2026-09-16 18:12:24+00:00,1.0,2910.0,0.21265435791015624
SPY261030P00690000,2026-10-30,690.0,p,2.22,2.25,2.22,2026-09-17 14:25:57+00:00,37.0,3855.0,0.21155573608398434
SPY261030P00691000,2026-10-30,691.0,p,2.28,2.3,2.27,2026-09-17 14:31:15+00:00,1.0,158.0,0.21039607971191404
SPY261030P00692000,2026-10-30,692.0,p,2.32,2.35,3.44,2026-09-16 18:59:36+00:00,14.0,109.0,0.20917538879394526
SPY261030P00693000,2026-10-30,693.0,p,2.37,2.39,2.38,2026-09-17 14:29:21+00:00,118.0,1585.0,0.20771055969238278
SPY261030P00694000,2026-10-30,694.0,p,2.41,2.43,4.03,2026-09-16 19:13:39+00:00,1.0,175.0,0.20624573059082027
SPY261030P00695000,2026-10-30,695.0,p,2.46,2.48,2.48,2026-09-17 14:33:41+00:00,30.0,2097.0,0.2049640051269531
SPY261030P00696000,2026-10-30,696.0,p,2.51,2.53,2.66,2026-09-17 14:06:10+00:00,14.0,310.0,0.20368227966308594
SPY261030P00697000,2026-10-30,697.0,p,2.56,2.58,2.6,2026-09-17 13:34:51+00:00,2.0,292.0,0.20233951965332028
SPY261030P00698000,2026-10-30,698.0,p,2.61,2.64,2.69,2026-09-17 14:17:26+00:00,8.0,979.0,0.20117986328124998
SPY261030P00699000,2026-10-30,699.0,p,2.66,2.69,2.74,2026-09-17 14:20:33+00:00,2.0,376.0,0.19980658599853518
SPY261030P00700000,2026-10-30,700.0,p,2.72,2.74,2.68,2026-09-17 14:27:55+00:00,473.0,4938.0,0.1984027914428711
SPY261030P00701000,2026-10-30,701.0,p,2.78,2.8,4.59,2026-09-16 19:30:56+00:00,10.0,237.0,0.19715158325195312
SPY261030P00702000,2026-10-30,702.0,p,2.85,2.87,2.9,2026-09-17 13:36:13+00:00,2.0,420.0,0.1960834786987305
SPY261030P00703000,2026-10-30,703.0,p,2.9,2.92,3.08,2026-09-17 14:12:03+00:00,2.0,132.0,0.19458813232421873
SPY261030P00704000,2026-10-30,704.0,p,2.96,2.99,4.82,2026-09-16 19:37:22+00:00,5.0,133.0,0.19342847595214846
SPY261030P00705000,2026-10-30,705.0,p,3.03,3.06,3.05,2026-09-17 14:32:11+00:00,34.0,660.0,0.19226881958007813
SPY261030P00706000,2026-10-30,706.0,p,3.09,3.11,3.12,2026-09-17 14:31:51+00:00,20.0,238.0,0.19068192138671874
SPY261030P00707000,2026-10-30,707.0,p,3.17,3.19,3.13,2026-09-17 14:26:59+00:00,5.0,21196.0,0.1896138168334961
SPY261030P00708000,2026-10-30,708.0,p,3.24,3.26,3.42,2026-09-17 14:01:42+00:00,4.0,154.0,0.18833209136962892
SPY261030P00709000,2026-10-30,709.0,p,3.31,3.33,3.38,2026-09-17 14:18:56+00:00,15.0,479.0,0.1870198486328125
SPY261030P00710000,2026-10-30,710.0,p,3.38,3.41,3.4,2026-09-17 14:32:11+00:00,27.0,2270.0,0.18582967498779296
SPY261030P00711000,2026-10-30,711.0,p,3.46,3.48,3.54,2026-09-16 17:29:09+00:00,15.0,169.0,0.1844563977050781
SPY261030P00712000,2026-10-30,712.0,p,3.52,3.55,3.5,2026-09-17 13:30:04+00:00,2.0,266.0,0.1830220858764648
SPY261030P00713000,2026-10-30,713.0,p,3.62,3.64,3.64,2026-09-17 14:31:51+00:00,3.0,781.0,0.18189294677734374
SPY261030P00714000,2026-10-30,714.0,p,3.71,3.73,3.76,2026-09-17 13:30:46+00:00,5.0,282.0,0.18073329040527342
SPY261030P00715000,2026-10-30,715.0,p,3.79,3.81,3.81,2026-09-17 14:33:41+00:00,147.0,1316.0,0.17936001312255856
SPY261030P00716000,2026-10-30,716.0,p,3.87,3.9,4.1,2026-09-17 14:13:01+00:00,2.0,380.0,0.17810880493164064
SPY261030P00717000,2026-10-30,717.0,p,3.95,3.98,4.04,2026-09-17 14:18:35+00:00,4.0,730.0,0.17667449310302735
SPY261030P00718000,2026-10-30,718.0,p,4.07,4.09,4.05,2026-09-17 14:35:15+00:00,5.0,480.0,0.17566742309570313
SPY261030P00719000,2026-10-30,719.0,p,4.13,4.16,4.25,2026-09-17 14:17:16+00:00,14.0,312.0,0.1739889730834961
SPY261030P00720000,2026-10-30,720.0,p,4.25,4.28,4.26,2026-09-17 14:36:10+00:00,334.0,5157.0,0.17301242034912112
SPY261030P00721000,2026-10-30,721.0,p,4.36,4.38,7.01,2026-09-16 19:31:57+00:00,153.0,378.0,0.17173069488525394
SPY261030P00722000,2026-10-30,722.0,p,4.46,4.48,4.57,2026-09-17 14:19:36+00:00,18.0,245.0,0.17035741760253909
SPY261030P00723000,2026-10-30,723.0,p,4.57,4.59,4.51,2026-09-17 14:26:21+00:00,12.0,90.0,0.16912146804809575
SPY261030P00724000,2026-10-30,724.0,p,4.66,4.69,4.96,2026-09-17 14:12:45+00:00,14.0,236.0,0.16767189758300782
SPY261030P00725000,2026-10-30,725.0,p,4.79,4.81,4.77,2026-09-17 14:34:42+00:00,176.0,5954.0,0.16648172393798832
SPY261030P00726000,2026-10-30,726.0,p,4.9,4.93,4.93,2026-09-17 14:36:47+00:00,16.0,230.0,0.16523051574707032
SPY261030P00727000,2026-10-30,727.0,p,5.02,5.06,5.1,2026-09-17 14:32:36+00:00,44.0,11548.0,0.16407085937500002
SPY261030P00728000,2026-10-30,728.0,p,5.14,5.18,5.09,2026-09-17 14:26:21+00:00,9.0,200.0,0.1626975820922852
SPY261030P00729000,2026-10-30,729.0,p,5.3,5.34,5.59,2026-09-17 14:01:43+00:00,33.0,212.0,0.16181258117675779
SPY261030P00730000,2026-10-30,730.0,p,5.42,5.44,5.43,2026-09-17 14:36:52+00:00,256.0,12222.0,0.16010361389160155
SPY261030P00731000,2026-10-30,731.0,p,5.57,5.6,5.68,2026-09-17 14:18:56+00:00,4.0,328.0,0.15911180252075197
SPY261030P00732000,2026-10-30,732.0,p,5.72,5.75,6.04,2026-09-17 14:07:02+00:00,3.0,630.0,0.15793688751220702
SPY261030P00733000,2026-10-30,733.0,p,5.87,5.9,5.92,2026-09-17 14:30:23+00:00,5.0,252.0,0.15668567932128907
SPY261030P00734000,2026-10-30,734.0,p,6.02,6.05,5.96,2026-09-17 14:28:35+00:00,29.0,351.0,0.15537343658447267
SPY261030P00735000,2026-10-30,735.0,p,6.15,6.18,6.18,2026-09-17 14:36:36+00:00,144.0,9000.0,0.15378653839111328
SPY261030P00736000,2026-10-30,736.0,p,6.32,6.36,6.4,2026-09-17 14:32:48+00:00,102.0,187.0,0.15271843383789066
SPY261030P00737000,2026-10-30,737.0,p,6.49,6.54,6.56,2026-09-17 14:30:23+00:00,2.0,255.0,0.15160455337524414
SPY261030P00738000,2026-10-30,738.0,p,6.66,6.71,6.82,2026-09-16 19:56:28+00:00,1.0,1173.0,0.15029231063842774
SPY261030P00739000,2026-10-30,739.0,p,6.85,6.91,6.88,2026-09-17 14:33:11+00:00,12.0,776.0,0.14926998199462893
SPY261030P00740000,2026-10-30,740.0,p,7.04,7.1,7.07,2026-09-17 14:36:47+00:00,150.0,2572.0,0.1480492910766602
SPY261030P00741000,2026-10-30,741.0,p,7.23,7.29,7.76,2026-09-17 14:07:41+00:00,1.0,692.0,0.14676756561279297
SPY261030P00742000,2026-10-30,742.0,p,7.41,7.47,7.1,2026-09-17 13:30:05+00:00,1.0,456.0,0.1453179951477051
SPY261030P00743000,2026-10-30,743.0,p,7.62,7.68,10.8,2026-09-16 20:08:21+00:00,20.0,403.0,0.14411256286621094
SPY261030P00744000,2026-10-30,744.0,p,7.85,7.92,8.41,2026-09-17 13:56:49+00:00,50.0,947.0,0.1431665274047852
SPY261030P00745000,2026-10-30,745.0,p,8.05,8.12,8.17,2026-09-17 14:33:57+00:00,130.0,2147.0,0.14170169830322266
SPY261030P00746000,2026-10-30,746.0,p,8.27,8.34,11.61,2026-09-16 20:06:51+00:00,20.0,938.0,0.14038945556640625
SPY261030P00747000,2026-10-30,747.0,p,8.52,8.58,8.5,2026-09-17 14:23:55+00:00,3.0,458.0,0.13919928192138675
SPY261030P00748000,2026-10-30,748.0,p,8.74,8.81,8.83,2026-09-17 14:32:19+00:00,3.0,413.0,0.1378412632751465
SPY261030P00749000,2026-10-30,749.0,p,9.0,9.07,9.18,2026-09-17 14:21:22+00:00,1.0,381.0,0.1366968655395508
SPY261030P00750000,2026-10-30,750.0,p,9.28,9.34,9.3,2026-09-17 14:37:00+00:00,1085.0,7526.0,0.13556772644042972
SPY261030P00751000,2026-10-30,751.0,p,9.54,9.61,10.2,2026-09-17 14:07:31+00:00,10.0,810.0,0.13434703552246097
SPY261030P00752000,2026-10-30,752.0,p,9.81,9.89,9.85,2026-09-17 14:36:36+00:00,7.0,429.0,0.1331416032409668
SPY261030P00753000,2026-10-30,753.0,p,10.09,10.17,10.09,2026-09-17 14:23:27+00:00,9.0,137.0,0.131844619140625
SPY261030P00754000,2026-10-30,754.0,p,10.43,10.52,10.43,2026-09-17 14:22:41+00:00,358.0,530.0,0.13114272186279297
SPY261030P00755000,2026-10-30,755.0,p,10.7,10.77,10.66,2026-09-17 14:25:02+00:00,102.0,1707.0,0.12935746139526366
SPY261030P00756000,2026-10-30,756.0,p,11.02,11.1,11.68,2026-09-17 14:03:45+00:00,8.0,439.0,0.1282588395690918
SPY261030P00757000,2026-10-30,757.0,p,11.37,11.45,11.45,2026-09-17 14:22:21+00:00,34.0,895.0,0.1272517695617676
SPY261030P00758000,2026-10-30,758.0,p,11.68,11.76,11.66,2026-09-17 14:23:27+00:00,12.0,936.0,0.12575642318725588
SPY261030P00759000,2026-10-30,759.0,p,12.03,12.11,12.41,2026-09-17 14:07:02+00:00,33.0,499.0,0.1245357322692871
SPY261030P00760000,2026-10-30,760.0,p,12.4,12.48,12.45,2026-09-17 14:37:14+00:00,295.0,4657.0,0.12339133453369142
SPY261030P00761000,2026-10-30,761.0,p,12.79,12.88,12.88,2026-09-17 14:29:21+00:00,54.0,324.0,0.12243004043579103
SPY261030P00762000,2026-10-30,762.0,p,13.16,13.25,13.14,2026-09-17 14:34:41+00:00,46.0,532.0,0.12107202178955079
SPY261030P00763000,2026-10-30,763.0,p,13.6,13.69,13.58,2026-09-17 14:28:42+00:00,12.0,283.0,0.12024805541992187
SPY261030P00764000,2026-10-30,764.0,p,13.98,14.07,14.08,2026-09-17 14:30:53+00:00,19.0,449.0,0.11873745040893555
SPY261030P00765000,2026-10-30,765.0,p,14.42,14.52,14.6,2026-09-17 14:30:22+00:00,47.0,1360.0,0.11776089767456055
SPY261030P00766000,2026-10-30,766.0,p,14.89,14.99,14.73,2026-09-17 14:27:56+00:00,9.0,765.0,0.11686063812255859
SPY261030P00767000,2026-10-30,767.0,p,15.31,15.41,15.74,2026-09-17 13:48:21+00:00,5.0,368.0,0.11533477447509766
SPY261030P00768000,2026-10-30,768.0,p,15.84,15.93,15.84,2026-09-17 14:31:16+00:00,10.0,297.0,0.11464813583374026
SPY261030P00769000,2026-10-30,769.0,p,16.26,16.44,17.36,2026-09-17 14:08:48+00:00,21.0,277.0,0.11371735900878906
SPY261030P00770000,2026-10-30,770.0,p,16.77,16.95,16.82,2026-09-17 14:29:10+00:00,38.0,3234.0,0.11266451309204101
SPY261030P00771000,2026-10-30,771.0,p,17.27,17.45,17.51,2026-09-17 14:32:33+00:00,101.0,176.0,0.1113522703552246
SPY261030P00772000,2026-10-30,772.0,p,17.8,17.98,18.33,2026-09-16 19:08:33+00:00,4.0,318.0,0.11019261398315428
SPY261030P00773000,2026-10-30,773.0,p,18.38,18.55,19.3,2026-09-17 14:01:32+00:00,9.0,281.0,0.10927709579467773
SPY261030P00774000,2026-10-30,774.0,p,19.0,19.18,19.0,2026-09-17 14:23:19+00:00,10.0,325.0,0.10883459533691406
SPY261030P00775000,2026-10-30,775.0,p,19.59,19.79,19.5,2026-09-17 14:25:02+00:00,27.0,579.0,0.10804114624023436
SPY261030P00777000,2026-10-30,777.0,p,20.79,21.03,21.26,2026-09-17 14:19:06+00:00,203.0,1150.0,0.10619485122680664
SPY261030P00778000,2026-10-30,778.0,p,21.41,23.12,29.19,2026-09-16 19:40:19+00:00,33.0,81.0,0.12116357360839844
SPY261030P00779000,2026-10-30,779.0,p,22.06,23.78,22.63,2026-09-17 13:43:38+00:00,3.0,313.0,0.12059900405883789
SPY261030P00780000,2026-10-30,780.0,p,22.73,22.99,22.6,2026-09-16 19:56:08+00:00,1.0,722.0,0.103249934387207
SPY261030P00781000,2026-10-30,781.0,p,23.48,25.16,22.8,2026-09-17 13:31:20+00:00,2.0,333.0,0.11972926177978514
SPY261030P00782000,2026-10-30,782.0,p,24.19,24.5,23.8,2026-09-14 16:48:45+00:00,2.0,315.0,0.10286846847534178
SPY261030P00783000,2026-10-30,783.0,p,24.84,26.7,30.5,2026-09-16 18:54:27+00:00,1.0,85.0,0.12018702087402343
SPY261030P00784000,2026-10-30,784.0,p,25.59,27.45,27.93,2026-09-14 15:29:37+00:00,1.0,310.0,0.12003443450927734
SPY261030P00785000,2026-10-30,785.0,p,26.38,28.22,37.0,2026-09-16 19:22:45+00:00,7.0,192.0,0.12000391723632811
SPY261030P00790000,2026-10-30,790.0,p,30.43,32.31,33.19,2026-09-16 18:01:55+00:00,1.0,420.0,0.1212856427001953
SPY261030P00791000,2026-10-30,791.0,p,29.78,33.18,31.69,2026-09-14 18:13:10+00:00,1.0,89.0,0.12195702270507813
SPY261030P00792000,2026-10-30,792.0,p,30.58,34.06,33.76,2026-09-17 14:10:21+00:00,3.0,2.0,0.12268943725585937
SPY261030P00793000,2026-10-30,793.0,p,31.53,34.96,35.86,2026-09-16 18:01:55+00:00,1.0,87.0,0.12366598999023437
SPY261030P00800000,2026-10-30,800.0,p,38.34,41.53,51.16,2026-09-16 19:22:34+00:00,12.0,51.0,0.1332178964233398
SPY261030P00805000,2026-10-30,805.0,p,43.3,46.44,54.0,2026-09-16 19:41:24+00:00,1.0,8.0,0.14267825103759768
SPY261030P00820000,2026-10-30,820.0,p,58.31,61.96,62.6,2026-09-15 14:07:43+00:00,5.0,15.0,0.18378501770019529
SPY261030P00840000,2026-10-30,840.0,p,79.0,81.85,90.0,2026-09-16 19:13:39+00:00,7.0,18.0,0.2215654016113281
SPY261030P00850000,2026-10-30,850.0,p,88.39,91.95,88.46,2026-09-14 17:01:16+00:00,4.0,4.0,0.2425612854003906
SPY261030P00860000,2026-10-30,860.0,p,98.34,101.87,98.46,2026-09-14 16:56:57+00:00,4.0,14.0,0.25916268188476566
SPY261030P00875000,2026-10-30,875.0,p,113.39,116.75,113.44,2026-09-14 17:01:16+00:00,4.0,4.0,0.2827525338745117
SPY261218C00575000,2026-12-18,575.0,c,191.05,194.27,184.53,2026-09-16 19:10:21+00:00,2.0,847.0,0.45645685150146487
SPY261218C00580000,2026-12-18,580.0,c,186.1,189.98,185.08,2026-09-15 19:36:19+00:00,5.0,1989.0,0.4566399551391602
SPY261218C00585000,2026-12-18,585.0,c,181.04,184.54,182.5,2026-09-15 17:01:00+00:00,1.0,958.0,0.4392451095581055
SPY261218C00590000,2026-12-18,590.0,c,176.38,180.19,173.37,2026-09-15 17:05:53+00:00,5.0,2450.0,0.4381159704589844
SPY261218C00595000,2026-12-18,595.0,c,171.53,175.34,169.2,2026-09-15 17:09:18+00:00,1.0,1513.0,0.4295100994873047
SPY261218C00600000,2026-12-18,600.0,c,166.63,169.98,167.6,2026-09-17 13:56:33+00:00,7.0,4511.0,0.41370215209960937
SPY261218C00605000,2026-12-18,605.0,c,161.78,165.45,155.97,2026-09-16 19:49:30+00:00,3.0,2750.0,0.40955180297851557
SPY261218C00610000,2026-12-18,610.0,c,157.3,160.67,155.0,2026-09-15 15:48:39+00:00,5.0,1357.0,0.40183093292236327
SPY261218C00615000,2026-12-18,615.0,c,152.48,155.54,152.56,2026-09-17 14:13:32+00:00,23.0,1457.0,0.3894256614685059
SPY261218C00620000,2026-12-18,620.0,c,147.66,151.13,138.49,2026-09-16 19:24:05+00:00,4.0,2734.0,0.3863281582641601
SPY261218C00635000,2026-12-18,635.0,c,133.27,136.57,135.32,2026-09-14 19:35:00+00:00,1.0,1766.0,0.3594729580688476
SPY261218C00640000,2026-12-18,640.0,c,128.49,131.88,129.6,2026-09-16 15:58:35+00:00,2.0,2240.0,0.35231665756225583
SPY261218C00645000,2026-12-18,645.0,c,123.73,127.21,121.4,2026-09-16 18:36:48+00:00,1.0,984.0,0.3452213916015625
SPY261218C00650000,2026-12-18,650.0,c,118.98,122.46,119.91,2026-09-17 14:16:16+00:00,1.0,3499.0,0.337119055633545
SPY261218C00655000,2026-12-18,655.0,c,114.25,117.77,111.87,2026-09-16 18:35:39+00:00,4.0,1090.0,0.329535513305664
SPY261218C00660000,2026-12-18,660.0,c,109.53,113.05,109.87,2026-09-17 14:13:38+00:00,13.0,1394.0,0.32149421188354493
SPY261218C00665000,2026-12-18,665.0,c,104.84,107.0,106.32,2026-09-17 13:50:46+00:00,2.0,1657.0,0.2997048789978027
SPY261218C00670000,2026-12-18,670.0,c,100.17,103.7,100.73,2026-09-17 13:58:49+00:00,1.0,2356.0,0.30589988540649415
SPY261218C00675000,2026-12-18,675.0,c,95.52,98.93,88.36,2026-09-16 19:22:34+00:00,4.0,4301.0,0.29695832443237297
SPY261218C00680000,2026-12-18,680.0,c,90.9,94.25,85.9,2026-09-16 19:55:00+00:00,18.0,4727.0,0.28873391937255855
SPY261218C00685000,2026-12-18,685.0,c,86.31,89.55,81.05,2026-09-16 19:51:04+00:00,4.0,2846.0,0.280158565673828
SPY261218C00690000,2026-12-18,690.0,c,81.84,85.04,76.47,2026-09-16 20:14:25+00:00,9.0,3487.0,0.2731090756225586
SPY261218C00695000,2026-12-18,695.0,c,77.22,79.07,72.05,2026-09-16 19:48:57+00:00,18.0,2175.0,0.25308974456787114
SPY261218C00700000,2026-12-18,700.0,c,72.78,75.91,74.11,2026-09-17 14:31:36+00:00,13.0,10054.0,0.2573011282348633
SPY261218C00705000,2026-12-18,705.0,c,68.35,71.54,69.28,2026-09-16 15:04:12+00:00,2.0,3576.0,0.25061784545898436
SPY261218C00710000,2026-12-18,710.0,c,64.34,66.82,57.61,2026-09-16 19:29:42+00:00,492.0,7395.0,0.24079128356933593
SPY261218C00715000,2026-12-18,715.0,c,61.03,61.36,60.08,2026-09-16 18:16:09+00:00,9.0,2493.0,0.22499859481811518
SPY261218C00720000,2026-12-18,720.0,c,55.3,57.11,56.92,2026-09-17 14:26:16+00:00,15.0,4489.0,0.21845263977050777
SPY261218C00725000,2026-12-18,725.0,c,52.61,52.88,52.19,2026-09-17 13:55:13+00:00,55.0,4988.0,0.21163202926635738
SPY261218C00730000,2026-12-18,730.0,c,48.56,48.78,48.8,2026-09-17 14:26:59+00:00,6.0,8446.0,0.20526917785644527
SPY261218C00735000,2026-12-18,735.0,c,44.55,44.79,37.8,2026-09-16 19:30:02+00:00,14.0,4574.0,0.19915046463012692
SPY261218C00740000,2026-12-18,740.0,c,40.6,40.82,40.75,2026-09-17 14:26:50+00:00,29.0,6893.0,0.19258162162780762
SPY261218C00745000,2026-12-18,745.0,c,36.76,38.66,36.52,2026-09-17 14:17:23+00:00,9.0,8255.0,0.19762460098266604
SPY261218C00750000,2026-12-18,750.0,c,33.13,33.35,33.25,2026-09-17 14:23:32+00:00,58.0,29743.0,0.1806417385864258
SPY261218C00755000,2026-12-18,755.0,c,29.64,29.79,29.36,2026-09-17 14:20:16+00:00,30.0,10566.0,0.17469087036132813
SPY261218C00760000,2026-12-18,760.0,c,26.26,26.44,26.33,2026-09-17 14:34:29+00:00,207.0,14899.0,0.1692435371398926
SPY261218C00765000,2026-12-18,765.0,c,23.1,23.18,23.22,2026-09-17 14:27:39+00:00,167.0,10906.0,0.16344525527954107
SPY261218C00770000,2026-12-18,770.0,c,20.16,20.24,20.25,2026-09-17 14:35:03+00:00,415.0,12549.0,0.1586845606994629
SPY261218C00775000,2026-12-18,775.0,c,17.35,17.43,16.87,2026-09-17 13:49:08+00:00,54.0,11215.0,0.15364921066284182
SPY261218C00780000,2026-12-18,780.0,c,14.86,14.94,14.88,2026-09-17 14:37:27+00:00,572.0,28624.0,0.1495293788146973
SPY261218C00785000,2026-12-18,785.0,c,12.57,12.63,12.6,2026-09-17 14:35:23+00:00,540.0,15639.0,0.1453332537841797
SPY261218C00790000,2026-12-18,790.0,c,10.53,10.59,10.6,2026-09-17 14:35:05+00:00,593.0,14226.0,0.14167118103027343
SPY261218C00795000,2026-12-18,795.0,c,8.75,8.81,8.78,2026-09-17 14:25:14+00:00,32.0,9876.0,0.1384821260070801
SPY261218C00800000,2026-12-18,800.0,c,7.24,7.28,7.27,2026-09-17 14:36:48+00:00,938.0,66685.0,0.13578134735107422
SPY261218C00805000,2026-12-18,805.0,c,5.92,5.95,5.83,2026-09-17 14:20:56+00:00,131.0,12639.0,0.13326367233276365
SPY261218C00810000,2026-12-18,810.0,c,4.81,4.84,4.81,2026-09-17 14:30:46+00:00,498.0,22919.0,0.13123427368164062
SPY261218C00815000,2026-12-18,815.0,c,3.88,3.91,3.8,2026-09-17 14:19:34+00:00,69.0,15052.0,0.12947953048706057
SPY261218C00820000,2026-12-18,820.0,c,3.11,3.13,3.1,2026-09-17 14:22:30+00:00,18.0,14321.0,0.12789263229370118
SPY261218C00825000,2026-12-18,825.0,c,2.47,2.49,2.5,2026-09-17 14:30:48+00:00,137.0,14460.0,0.12653461364746094
SPY261218C00830000,2026-12-18,830.0,c,1.96,1.99,1.83,2026-09-17 14:08:24+00:00,33.0,55732.0,0.12574116455078127
SPY261218C00835000,2026-12-18,835.0,c,1.56,1.57,1.56,2026-09-17 14:22:46+00:00,30.0,11099.0,0.1248561636352539
SPY261218C00840000,2026-12-18,840.0,c,1.24,1.25,1.24,2026-09-17 14:31:11+00:00,263.0,8026.0,0.12448995635986329
SPY261218C00845000,2026-12-18,845.0,c,0.98,0.99,0.93,2026-09-17 13:55:07+00:00,393.0,4732.0,0.12418478363037111
SPY261218C00850000,2026-12-18,850.0,c,0.78,0.79,0.77,2026-09-17 14:33:37+00:00,366.0,12069.0,0.12421530090332032
SPY261218C00855000,2026-12-18,855.0,c,0.62,0.63,0.63,2026-09-17 13:31:23+00:00,129.0,4002.0,0.12439840454101564
SPY261218C00860000,2026-12-18,860.0,c,0.5,0.51,0.3,2026-09-16 19:23:27+00:00,11.0,5066.0,0.12494771545410156
SPY261218C00865000,2026-12-18,865.0,c,0.41,0.42,0.26,2026-09-16 19:25:52+00:00,8.0,3729.0,0.12586323364257812
SPY261218C00870000,2026-12-18,870.0,c,0.34,0.35,0.34,2026-09-16 19:20:06+00:00,2.0,2615.0,0.12702289001464845
SPY261218C00875000,2026-12-18,875.0,c,0.29,0.3,0.27,2026-09-17 13:42:49+00:00,1.0,3464.0,0.12867082275390623
SPY261218C00880000,2026-12-18,880.0,c,0.24,0.25,0.17,2026-09-16 19:30:03+00:00,11.0,5505.0,0.1297694445800781
SPY261218C00885000,2026-12-18,885.0,c,0.21,0.22,0.19,2026-09-16 17:55:25+00:00,295.0,3955.0,0.131844619140625
SPY261218C00890000,2026-12-18,890.0,c,0.18,0.19,0.19,2026-09-17 13:31:23+00:00,5.0,2331.0,0.13355358642578125
SPY261218C00895000,2026-12-18,895.0,c,0.16,0.17,0.16,2026-09-16 19:22:17+00:00,1.0,1405.0,0.13575083007812502
SPY261218C00900000,2026-12-18,900.0,c,0.14,0.15,0.15,2026-09-17 13:33:31+00:00,10.0,8397.0,0.13770393554687502
SPY261218C00910000,2026-12-18,910.0,c,0.11,0.12,0.1,2026-09-16 15:02:18+00:00,11.0,3936.0,0.14185428466796873
SPY261218C00915000,2026-12-18,915.0,c,0.1,0.11,0.09,2026-09-15 15:31:39+00:00,1.0,2367.0,0.14405152832031248
SPY261218P00575000,2026-12-18,575.0,p,1.59,1.6,1.6,2026-09-17 14:24:32+00:00,7.0,7404.0,0.313483427734375
SPY261218P00580000,2026-12-18,580.0,p,1.68,1.69,1.72,2026-09-17 13:57:24+00:00,7.0,10163.0,0.3084175604248046
SPY261218P00585000,2026-12-18,585.0,p,1.77,1.78,2.18,2026-09-16 20:10:10+00:00,10.0,5769.0,0.30322962402343745
SPY261218P00590000,2026-12-18,590.0,p,1.86,1.87,1.85,2026-09-17 13:30:09+00:00,20.0,11625.0,0.2978585839843749
SPY261218P00595000,2026-12-18,595.0,p,1.95,1.96,2.03,2026-09-17 14:08:21+00:00,129.0,4245.0,0.2923654748535155
SPY261218P00600000,2026-12-18,600.0,p,2.07,2.08,2.08,2026-09-17 14:19:54+00:00,19.0,25780.0,0.2876047802734374
SPY261218P00605000,2026-12-18,605.0,p,2.17,2.18,2.18,2026-09-17 14:25:14+00:00,70.0,8947.0,0.2820506365966796
SPY261218P00610000,2026-12-18,610.0,p,2.29,2.3,2.31,2026-09-17 14:29:55+00:00,128.0,158596.0,0.2768932174682617
SPY261218P00615000,2026-12-18,615.0,p,2.43,2.44,2.43,2026-09-17 14:24:28+00:00,3.0,6126.0,0.2720409710693359
SPY261218P00620000,2026-12-18,620.0,p,2.57,2.58,2.61,2026-09-17 13:36:46+00:00,25.0,26339.0,0.2669445864868164
SPY261218P00625000,2026-12-18,625.0,p,2.71,2.72,2.76,2026-09-17 13:34:08+00:00,32.0,24085.0,0.26166509826660156
SPY261218P00630000,2026-12-18,630.0,p,2.88,2.89,2.88,2026-09-17 14:23:03+00:00,102.0,40155.0,0.2568128518676758
SPY261218P00635000,2026-12-18,635.0,p,3.04,3.05,3.0,2026-09-17 13:31:29+00:00,1.0,6320.0,0.25153336364746093
SPY261218P00640000,2026-12-18,640.0,p,3.23,3.24,3.26,2026-09-17 14:34:11+00:00,57.0,10910.0,0.24658956542968752
SPY261218P00645000,2026-12-18,645.0,p,3.43,3.44,3.47,2026-09-17 13:54:19+00:00,5.0,8028.0,0.24161524993896483
SPY261218P00650000,2026-12-18,650.0,p,3.64,3.66,3.66,2026-09-17 14:37:36+00:00,4433.0,14445.0,0.23670196899414062
SPY261218P00655000,2026-12-18,655.0,p,3.87,3.89,3.89,2026-09-17 14:34:11+00:00,4.0,5699.0,0.2316666189575195
SPY261218P00660000,2026-12-18,660.0,p,4.12,4.15,4.1,2026-09-17 14:25:06+00:00,36.0,134865.0,0.2268143725585937
SPY261218P00665000,2026-12-18,665.0,p,4.4,4.41,4.43,2026-09-17 14:22:14+00:00,301.0,17092.0,0.22168747070312497
SPY261218P00670000,2026-12-18,670.0,p,4.7,4.72,4.7,2026-09-17 14:35:30+00:00,494.0,35301.0,0.21694203475952145
SPY261218P00675000,2026-12-18,675.0,p,5.02,5.03,5.04,2026-09-17 14:34:11+00:00,61.0,10159.0,0.21186090881347652
SPY261218P00680000,2026-12-18,680.0,p,5.35,5.38,5.39,2026-09-17 14:34:22+00:00,181.0,12606.0,0.20694762786865228
SPY261218P00685000,2026-12-18,685.0,p,5.73,5.76,5.82,2026-09-17 13:55:10+00:00,95.0,6496.0,0.2020190882873535
SPY261218P00690000,2026-12-18,690.0,p,6.14,6.17,6.15,2026-09-17 14:35:42+00:00,29.0,11322.0,0.19706003143310546
SPY261218P00695000,2026-12-18,695.0,p,6.6,6.63,6.55,2026-09-17 14:27:54+00:00,15.0,11753.0,0.1922077850341797
SPY261218P00700000,2026-12-18,700.0,p,7.11,7.13,7.1,2026-09-17 14:35:43+00:00,434.0,38029.0,0.1873555386352539
SPY261218P00705000,2026-12-18,705.0,p,7.64,7.66,7.67,2026-09-17 14:36:30+00:00,42.0,4186.0,0.1823049299621582
SPY261218P00710000,2026-12-18,710.0,p,8.22,8.25,8.26,2026-09-17 14:29:52+00:00,162.0,17722.0,0.17734587310791017
SPY261218P00715000,2026-12-18,715.0,p,8.88,8.91,8.92,2026-09-17 14:30:00+00:00,180.0,4743.0,0.1724631094360352
SPY261218P00720000,2026-12-18,720.0,p,9.58,9.61,9.72,2026-09-17 14:19:48+00:00,283.0,6328.0,0.16736672485351564
SPY261218P00725000,2026-12-18,725.0,p,10.39,10.44,10.75,2026-09-17 14:12:19+00:00,189.0,6295.0,0.1627128407287598
SPY261218P00730000,2026-12-18,730.0,p,11.24,11.29,11.2,2026-09-17 14:17:58+00:00,54.0,15920.0,0.1575401629638672
SPY261218P00735000,2026-12-18,735.0,p,12.22,12.28,12.15,2026-09-17 14:25:14+00:00,214.0,33358.0,0.15271843383789066
SPY261218P00740000,2026-12-18,740.0,p,13.29,13.36,13.39,2026-09-17 14:29:59+00:00,42.0,16539.0,0.147744118347168
SPY261218P00745000,2026-12-18,745.0,p,14.47,14.54,15.02,2026-09-17 14:10:55+00:00,26.0,5972.0,0.14263247512817384
SPY261218P00750000,2026-12-18,750.0,p,15.83,15.89,15.85,2026-09-17 14:34:32+00:00,294.0,20557.0,0.13774971145629883
SPY261218P00755000,2026-12-18,755.0,p,17.31,17.38,17.45,2026-09-17 14:30:17+00:00,25.0,7226.0,0.13276013732910158
SPY261218P00760000,2026-12-18,760.0,p,19.01,19.08,19.11,2026-09-17 14:33:55+00:00,2222.0,17220.0,0.12799944274902342
SPY261218P00765000,2026-12-18,765.0,p,20.88,20.96,20.95,2026-09-17 14:36:17+00:00,162.0,6106.0,0.12314719635009766
SPY261218P00770000,2026-12-18,770.0,p,23.0,23.11,22.92,2026-09-17 14:27:22+00:00,457.0,7387.0,0.1186458985900879
SPY261218P00775000,2026-12-18,775.0,p,25.32,25.49,25.81,2026-09-17 13:43:02+00:00,8.0,3295.0,0.1141064542388916
SPY261218P00780000,2026-12-18,780.0,p,27.94,28.13,28.23,2026-09-17 14:19:32+00:00,6.0,12242.0,0.10959752716064453
SPY261218P00785000,2026-12-18,785.0,p,30.82,32.32,31.36,2026-09-17 14:15:22+00:00,59.0,1080.0,0.11467865310668945
SPY261218P00790000,2026-12-18,790.0,p,32.97,34.33,44.04,2026-09-16 19:26:28+00:00,46.0,1240.0,0.10129682891845701
SPY261218P00795000,2026-12-18,795.0,p,35.82,37.82,38.02,2026-09-17 14:20:50+00:00,2.0,747.0,0.09685656570434573
SPY261218P00800000,2026-12-18,800.0,p,41.42,41.87,41.38,2026-09-17 14:28:39+00:00,5.0,2036.0,0.09542225387573242
SPY261218P00810000,2026-12-18,810.0,p,50.0,51.87,51.8,2026-09-16 18:22:42+00:00,1.0,113.0,0.11072666625976563
SPY261218P00815000,2026-12-18,815.0,p,53.42,56.58,54.75,2026-09-14 19:32:21+00:00,1.0,37.0,0.11448029083251954
SPY261218P00820000,2026-12-18,820.0,p,58.25,61.44,62.0,2026-09-15 13:31:19+00:00,1.0,645.0,0.11969874450683593
SPY261218P00830000,2026-12-18,830.0,p,68.21,71.35,67.95,2026-09-14 16:48:46+00:00,1.0,627.0,0.13199720550537108
SPY261218P00850000,2026-12-18,850.0,p,88.29,91.88,91.71,2026-09-16 18:43:14+00:00,2.0,15.0,0.16584086120605473
SPY270129C00615000,2027-01-29,615.0,c,155.89,159.2,157.95,2026-09-14 15:46:56+00:00,3.0,4.0,0.3606783903503417
SPY270129C00650000,2027-01-29,650.0,c,123.16,126.69,121.65,2026-09-15 18:19:22+00:00,9.0,14.0,0.3161536891174316
SPY270129C00655000,2027-01-29,655.0,c,118.55,122.09,119.96,2026-09-16 16:13:14+00:00,15.0,16.0,0.3097145445251465
SPY270129C00660000,2027-01-29,660.0,c,113.97,117.49,112.43,2026-09-16 18:48:59+00:00,3.0,8.0,0.303168589477539
SPY270129C00671000,2027-01-29,671.0,c,103.96,107.31,99.43,2026-09-16 20:03:13+00:00,9.0,9.0,0.28784891845703114
SPY270129C00673000,2027-01-29,673.0,c,102.16,105.59,105.0,2026-09-14 18:41:49+00:00,1.0,1.0,0.2859721061706542
SPY270129C00675000,2027-01-29,675.0,c,100.35,103.87,103.17,2026-09-14 18:41:49+00:00,1.0,15.0,0.284064776611328
SPY270129C00680000,2027-01-29,680.0,c,96.02,99.41,88.4,2026-09-16 19:22:32+00:00,3.0,13.0,0.2779613220214844
SPY270129C00684000,2027-01-29,684.0,c,92.37,95.84,91.83,2026-09-16 18:34:37+00:00,1.0,2.0,0.27294123062133785
SPY270129C00685000,2027-01-29,685.0,c,91.65,94.86,85.83,2026-09-16 19:11:05+00:00,1.0,2.0,0.27104915969848636
SPY270129C00695000,2027-01-29,695.0,c,82.97,85.91,78.4,2026-09-16 19:04:37+00:00,3.0,174.0,0.25775888732910157
SPY270129C00697000,2027-01-29,697.0,c,81.17,84.36,79.09,2026-09-15 14:58:13+00:00,2.0,6.0,0.25659923095703124
SPY270129C00698000,2027-01-29,698.0,c,80.39,83.23,80.98,2026-09-16 16:11:25+00:00,2.0,22.0,0.25365431411743167
SPY270129C00700000,2027-01-29,700.0,c,78.61,81.62,75.31,2026-09-16 18:57:29+00:00,5.0,22.0,0.25203689865112305
SPY270129C00702000,2027-01-29,702.0,c,78.17,80.14,75.15,2026-09-15 19:14:13+00:00,2.0,32.0,0.2512281909179687
SPY270129C00704000,2027-01-29,704.0,c,75.39,78.04,75.28,2026-09-17 14:09:51+00:00,3.0,44.0,0.24633779792785646
SPY270129C00705000,2027-01-29,705.0,c,74.41,77.41,70.81,2026-09-16 18:57:29+00:00,3.0,42.0,0.24659719474792482
SPY270129C00707000,2027-01-29,707.0,c,73.9,75.9,73.69,2026-09-16 16:33:54+00:00,2.0,9.0,0.2454451676940918
SPY270129C00708000,2027-01-29,708.0,c,73.13,75.06,72.63,2026-09-16 15:24:15+00:00,2.0,11.0,0.2443160285949707
SPY270129C00710000,2027-01-29,710.0,c,69.85,71.74,71.79,2026-09-17 13:33:56+00:00,2.0,22.0,0.23165136032104489
SPY270129C00713000,2027-01-29,713.0,c,68.94,69.28,66.39,2026-09-15 15:37:05+00:00,2.0,2.0,0.22861489166259769
SPY270129C00716000,2027-01-29,716.0,c,66.4,66.74,61.2,2026-09-16 19:02:14+00:00,48.0,49.0,0.224968077545166
SPY270129C00719000,2027-01-29,719.0,c,63.83,64.22,63.34,2026-09-16 15:37:18+00:00,2.0,0.0,0.22133652206420895
SPY270129C00720000,2027-01-29,720.0,c,63.05,64.5,62.76,2026-09-17 13:37:11+00:00,3.0,763.0,0.22689066574096678
SPY270129C00725000,2027-01-29,725.0,c,59.03,59.36,56.32,2026-09-15 14:40:39+00:00,1.0,21.0,0.21480582565307615
SPY270129C00728000,2027-01-29,728.0,c,56.67,56.96,54.43,2026-09-15 15:25:06+00:00,1.0,1.0,0.21152521881103514
SPY270129C00730000,2027-01-29,730.0,c,53.87,56.53,50.12,2026-09-16 19:57:26+00:00,2.0,43.0,0.21609518043518064
SPY270129C00738000,2027-01-29,738.0,c,48.89,49.14,43.9,2026-09-16 19:51:01+00:00,2.0,16.0,0.2006229230499267
SPY270129C00740000,2027-01-29,740.0,c,47.43,47.66,42.59,2026-09-16 19:58:29+00:00,138.0,402.0,0.19872322280883786
SPY270129C00745000,2027-01-29,745.0,c,43.61,43.88,45.31,2026-09-14 16:48:17+00:00,5.0,51.0,0.1931767084503174
SPY270129C00750000,2027-01-29,750.0,c,40.04,40.31,40.1,2026-09-17 13:32:34+00:00,5.0,437.0,0.1883168327331543
SPY270129C00752000,2027-01-29,752.0,c,38.65,38.88,33.31,2026-09-16 19:44:21+00:00,10.0,5.0,0.18621114089965818
SPY270129C00753000,2027-01-29,753.0,c,37.96,38.18,38.0,2026-09-17 13:34:55+00:00,1.0,22.0,0.18521932952880854
SPY270129C00754000,2027-01-29,754.0,c,37.25,37.46,33.16,2026-09-16 19:06:34+00:00,8.0,7.0,0.1840825611114502
SPY270129C00755000,2027-01-29,755.0,c,36.58,36.77,32.06,2026-09-16 19:48:38+00:00,126.0,220.0,0.18309074974060055
SPY270129C00756000,2027-01-29,756.0,c,35.89,36.11,31.05,2026-09-16 19:46:41+00:00,7.0,14.0,0.1822438954162598
SPY270129C00757000,2027-01-29,757.0,c,35.16,35.41,34.72,2026-09-17 13:43:43+00:00,2.0,83.0,0.18114527359008786
SPY270129C00758000,2027-01-29,758.0,c,34.51,34.74,29.44,2026-09-16 19:44:16+00:00,2.0,70.0,0.18019923812866212
SPY270129C00759000,2027-01-29,759.0,c,33.84,34.05,36.53,2026-09-16 19:51:57+00:00,1.0,125.0,0.1791158749389648
SPY270129C00760000,2027-01-29,760.0,c,33.2,33.36,34.0,2026-09-17 13:30:09+00:00,1.0,188.0,0.17800199447631837
SPY270129C00761000,2027-01-29,761.0,c,32.52,32.75,33.0,2026-09-17 13:32:19+00:00,1.0,20.0,0.17730009719848633
SPY270129C00762000,2027-01-29,762.0,c,31.83,32.05,26.86,2026-09-16 19:42:53+00:00,1.0,21.0,0.17609466491699222
SPY270129C00763000,2027-01-29,763.0,c,31.27,31.47,31.55,2026-09-16 18:59:13+00:00,2.0,133.0,0.1754995780944824
SPY270129C00764000,2027-01-29,764.0,c,30.63,30.81,28.84,2026-09-15 16:04:32+00:00,10.0,342.0,0.174461990814209
SPY270129C00765000,2027-01-29,765.0,c,29.97,30.15,29.48,2026-09-17 13:45:25+00:00,2.0,185.0,0.17338625694274903
SPY270129C00766000,2027-01-29,766.0,c,29.3,29.52,28.92,2026-09-17 13:47:01+00:00,1.0,28.0,0.1724478507995606
SPY270129C00767000,2027-01-29,767.0,c,28.78,28.89,23.05,2026-09-16 19:26:27+00:00,2.0,24.0,0.1714865567016602
SPY270129C00769000,2027-01-29,769.0,c,27.58,27.68,25.37,2026-09-15 19:52:19+00:00,1.0,147.0,0.16974707214355472
SPY270129C00770000,2027-01-29,770.0,c,26.98,27.09,23.53,2026-09-16 20:12:41+00:00,29.0,465.0,0.16891547645568852
SPY270129C00772000,2027-01-29,772.0,c,25.8,25.9,25.42,2026-09-14 15:23:48+00:00,1.0,308.0,0.1671149573516846
SPY270129C00773000,2027-01-29,773.0,c,25.24,25.34,25.0,2026-09-16 15:06:52+00:00,1.0,14.0,0.16635965484619147
SPY270129C00775000,2027-01-29,775.0,c,24.1,24.2,20.6,2026-09-16 19:55:03+00:00,13.0,129.0,0.1646583168792725
SPY270129C00777000,2027-01-29,777.0,c,22.99,23.1,23.05,2026-09-16 15:09:45+00:00,1.0,261.0,0.16304853073120118
SPY270129C00778000,2027-01-29,778.0,c,22.47,22.56,23.25,2026-09-14 15:46:42+00:00,1.0,13.0,0.16225508163452146
SPY270129C00779000,2027-01-29,779.0,c,21.93,22.02,20.8,2026-09-15 14:11:55+00:00,69.0,301.0,0.16143111526489257
SPY270129C00780000,2027-01-29,780.0,c,21.37,21.46,21.33,2026-09-17 14:30:15+00:00,5.0,545.0,0.1604621918487549
SPY270129C00785000,2027-01-29,785.0,c,18.82,18.92,18.25,2026-09-16 17:12:11+00:00,100.0,489.0,0.15656361022949222
SPY270129C00790000,2027-01-29,790.0,c,16.52,16.6,16.55,2026-09-17 14:36:38+00:00,50.0,984.0,0.15306175315856937
SPY270129C00795000,2027-01-29,795.0,c,14.34,14.43,12.98,2026-09-15 19:37:53+00:00,130.0,1009.0,0.1495293788146973
SPY270129C00800000,2027-01-29,800.0,c,12.44,12.52,12.44,2026-09-17 14:29:02+00:00,14.0,1088.0,0.14663023788452145
SPY270129C00805000,2027-01-29,805.0,c,10.71,10.78,8.2,2026-09-16 19:31:43+00:00,2.0,1009.0,0.14383790740966795
SPY270129C00810000,2027-01-29,810.0,c,9.17,9.24,9.2,2026-09-17 14:36:59+00:00,12.0,1154.0,0.14137363761901858
SPY270129C00815000,2027-01-29,815.0,c,7.82,7.86,7.79,2026-09-16 15:27:28+00:00,8.0,615.0,0.13901617828369145
SPY270129C00820000,2027-01-29,820.0,c,6.63,6.67,6.53,2026-09-17 14:18:33+00:00,38.0,582.0,0.13704781417846684
SPY270129C00825000,2027-01-29,825.0,c,5.62,5.66,5.53,2026-09-17 14:18:33+00:00,6.0,748.0,0.1355066918945313
SPY270129C00830000,2027-01-29,830.0,c,4.71,4.75,4.74,2026-09-17 14:25:48+00:00,22.0,991.0,0.13384350051879884
SPY270129C00835000,2027-01-29,835.0,c,3.96,4.0,3.87,2026-09-16 19:46:47+00:00,10.0,279.0,0.1326838441467285
SPY270129C00840000,2027-01-29,840.0,c,3.3,3.34,2.27,2026-09-16 19:20:49+00:00,2.0,461.0,0.13147841186523437
SPY270129C00845000,2027-01-29,845.0,c,2.75,2.78,2.74,2026-09-16 15:15:14+00:00,1.0,98.0,0.13044082458496092
SPY270129C00850000,2027-01-29,850.0,c,2.29,2.32,2.22,2026-09-16 19:54:39+00:00,1.0,532.0,0.12970841003417968
SPY270129C00855000,2027-01-29,855.0,c,1.9,1.91,1.3,2026-09-16 19:17:47+00:00,5.0,312.0,0.1287928918457031
SPY270129C00860000,2027-01-29,860.0,c,1.57,1.59,1.57,2026-09-17 14:29:56+00:00,1.0,127.0,0.12836565002441402
SPY270129C00865000,2027-01-29,865.0,c,1.3,1.32,1.13,2026-09-15 15:56:29+00:00,20.0,320.0,0.12799944274902342
SPY270129C00870000,2027-01-29,870.0,c,1.08,1.1,1.09,2026-09-17 13:32:26+00:00,20.0,101.0,0.12787737365722657
SPY270129C00875000,2027-01-29,875.0,c,0.91,0.92,0.85,2026-09-16 18:41:55+00:00,25.0,296.0,0.12787737365722657
SPY270129C00880000,2027-01-29,880.0,c,0.76,0.77,0.73,2026-09-16 19:35:16+00:00,1.0,390.0,0.12799944274902342
SPY270129C00885000,2027-01-29,885.0,c,0.63,0.65,0.6,2026-09-15 13:33:25+00:00,1.0,574.0,0.12836565002441402
SPY270129C00890000,2027-01-29,890.0,c,0.54,0.55,0.45,2026-09-15 15:26:46+00:00,1.0,72.0,0.1287928918457031
SPY270129C00900000,2027-01-29,900.0,c,0.39,0.4,0.38,2026-09-17 13:59:11+00:00,23.0,356.0,0.13001358276367186
SPY270129C00905000,2027-01-29,905.0,c,0.33,0.34,0.32,2026-09-17 13:58:23+00:00,1.0,156.0,0.13062392822265623
SPY270129C00910000,2027-01-29,910.0,c,0.29,0.31,0.28,2026-09-16 15:06:20+00:00,1.0,102.0,0.1324549645996094
SPY270129C00925000,2027-01-29,925.0,c,0.21,0.22,0.2,2026-09-16 17:39:07+00:00,1.0,53.0,0.13648324462890626
SPY270129C00930000,2027-01-29,930.0,c,0.19,0.2,0.18,2026-09-17 14:10:22+00:00,8.0,910.0,0.1381922119140625
SPY270129P00575000,2027-01-29,575.0,p,2.69,2.7,3.45,2026-09-16 19:26:31+00:00,1.0,19.0,0.28839822937011705
SPY270129P00580000,2027-01-29,580.0,p,2.81,2.82,3.63,2026-09-16 19:27:10+00:00,1.0,97.0,0.2836985693359374
SPY270129P00585000,2027-01-29,585.0,p,2.94,2.95,3.27,2026-09-15 13:51:13+00:00,1.0,29.0,0.2790904611206054
SPY270129P00590000,2027-01-29,590.0,p,3.08,3.1,3.15,2026-09-17 14:13:53+00:00,23.0,339.0,0.27472649108886715
SPY270129P00595000,2027-01-29,595.0,p,3.23,3.24,3.55,2026-09-15 13:39:56+00:00,69.0,87.0,0.2700573483276367
SPY270129P00600000,2027-01-29,600.0,p,3.39,3.4,3.92,2026-09-15 19:51:34+00:00,5.0,240.0,0.2656018264770508
SPY270129P00605000,2027-01-29,605.0,p,3.56,3.57,3.91,2026-09-15 13:39:56+00:00,151.0,250.0,0.26117682189941405
SPY270129P00615000,2027-01-29,615.0,p,3.94,3.95,4.24,2026-09-16 15:25:03+00:00,3.0,57.0,0.25250991638183595
SPY270129P00620000,2027-01-29,620.0,p,4.14,4.15,4.51,2026-09-14 17:17:17+00:00,102.0,115.0,0.24805439453125
SPY270129P00625000,2027-01-29,625.0,p,4.35,4.37,4.37,2026-09-17 14:29:25+00:00,8.0,71.0,0.24375145904541018
SPY270129P00635000,2027-01-29,635.0,p,4.83,4.85,5.2,2026-09-14 17:03:42+00:00,7.0,44.0,0.23511507080078126
SPY270129P00640000,2027-01-29,640.0,p,5.09,5.12,5.47,2026-09-16 15:44:27+00:00,1.0,429.0,0.23090368713378906
SPY270129P00645000,2027-01-29,645.0,p,5.37,5.39,6.15,2026-09-14 15:19:05+00:00,28.0,647.0,0.22647868255615233
SPY270129P00650000,2027-01-29,650.0,p,5.67,5.7,5.73,2026-09-17 13:37:06+00:00,1.0,249.0,0.22229781616210934
SPY270129P00655000,2027-01-29,655.0,p,5.98,6.02,6.45,2026-09-14 19:06:15+00:00,1.0,158.0,0.2180253979492187
SPY270129P00660000,2027-01-29,660.0,p,6.33,6.37,6.78,2026-09-16 15:27:07+00:00,35.0,96.0,0.21381401428222657
SPY270129P00665000,2027-01-29,665.0,p,6.69,6.73,7.18,2026-09-16 15:28:00+00:00,119.0,256.0,0.20948056152343747
SPY270129P00670000,2027-01-29,670.0,p,7.09,7.12,7.57,2026-09-16 15:28:00+00:00,154.0,338.0,0.20517762603759765
SPY270129P00674000,2027-01-29,674.0,p,7.43,7.47,8.08,2026-09-16 17:40:49+00:00,100.0,119.0,0.20192753646850586
SPY270129P00675000,2027-01-29,675.0,p,7.5,7.55,8.95,2026-09-16 19:50:26+00:00,112.0,197.0,0.2010120182800293
SPY270129P00684000,2027-01-29,684.0,p,8.36,8.4,9.75,2026-09-15 15:14:32+00:00,1.0,35.0,0.19344373458862307
SPY270129P00685000,2027-01-29,685.0,p,8.45,8.5,10.11,2026-09-16 18:57:29+00:00,3.0,312.0,0.1925892509460449
SPY270129P00689000,2027-01-29,689.0,p,8.87,8.92,8.95,2026-09-17 13:54:16+00:00,9.0,121.0,0.18921709228515626
SPY270129P00690000,2027-01-29,690.0,p,8.98,9.03,9.02,2026-09-17 14:31:48+00:00,20.0,495.0,0.1883778672790527
SPY270129P00695000,2027-01-29,695.0,p,9.54,9.59,12.41,2026-09-16 19:26:13+00:00,1.0,244.0,0.1840901904296875
SPY270129P00697000,2027-01-29,697.0,p,9.77,9.81,10.96,2026-09-14 15:22:27+00:00,1.0,202.0,0.1822438954162598
SPY270129P00698000,2027-01-29,698.0,p,9.88,9.93,11.13,2026-09-14 15:22:27+00:00,1.0,3.0,0.18138941177368162
SPY270129P00700000,2027-01-29,700.0,p,10.14,10.18,10.43,2026-09-17 14:01:23+00:00,1.0,716.0,0.179695703125
SPY270129P00701000,2027-01-29,701.0,p,10.28,10.33,10.83,2026-09-14 17:33:10+00:00,1.0,26.0,0.17900906448364257
SPY270129P00702000,2027-01-29,702.0,p,10.41,10.45,11.85,2026-09-15 15:45:36+00:00,5.0,11.0,0.17809354629516605
SPY270129P00703000,2027-01-29,703.0,p,10.54,10.59,13.3,2026-09-16 19:17:11+00:00,1.0,6.0,0.17730009719848633
SPY270129P00705000,2027-01-29,705.0,p,10.8,10.85,14.01,2026-09-16 19:26:13+00:00,2.0,342.0,0.17553009536743164
SPY270129P00708000,2027-01-29,708.0,p,11.22,11.28,12.71,2026-09-15 14:26:11+00:00,1.0,21.0,0.17304293762207032
SPY270129P00710000,2027-01-29,710.0,p,11.51,11.56,13.74,2026-09-16 19:52:12+00:00,3.0,163.0,0.17126530647277832
SPY270129P00711000,2027-01-29,711.0,p,11.64,11.7,12.38,2026-09-16 15:06:37+00:00,1.0,3.0,0.17034978828430178
SPY270129P00712000,2027-01-29,712.0,p,11.8,11.86,14.38,2026-09-16 19:10:25+00:00,2.0,3.0,0.16955633918762208
SPY270129P00714000,2027-01-29,714.0,p,12.1,12.17,13.41,2026-09-16 18:48:45+00:00,1.0,177.0,0.16785500122070315
SPY270129P00716000,2027-01-29,716.0,p,12.41,12.47,14.16,2026-09-15 17:39:10+00:00,1.0,15.0,0.16600870620727542
SPY270129P00717000,2027-01-29,717.0,p,12.58,12.64,14.32,2026-09-15 17:38:06+00:00,1.0,8.0,0.1651999984741211
SPY270129P00718000,2027-01-29,718.0,p,12.77,12.83,13.92,2026-09-16 18:28:10+00:00,2.0,23.0,0.16449810119628905
SPY270129P00720000,2027-01-29,720.0,p,13.11,13.17,13.52,2026-09-17 14:07:47+00:00,1.0,269.0,0.1627738752746582
SPY270129P00721000,2027-01-29,721.0,p,13.24,13.35,14.79,2026-09-14 15:21:45+00:00,1.0,103.0,0.1619499089050293
SPY270129P00722000,2027-01-29,722.0,p,13.42,13.54,17.01,2026-09-16 19:19:22+00:00,3.0,8.0,0.1611717184448242
SPY270129P00723000,2027-01-29,723.0,p,13.63,13.72,17.22,2026-09-16 19:19:22+00:00,3.0,4.0,0.16030960548400877
SPY270129P00725000,2027-01-29,725.0,p,13.99,14.09,17.94,2026-09-16 19:28:00+00:00,2.0,200.0,0.15859300888061523
SPY270129P00726000,2027-01-29,726.0,p,14.16,14.28,17.09,2026-09-16 19:08:33+00:00,2.0,5.0,0.1577308959197998
SPY270129P00727000,2027-01-29,727.0,p,14.35,14.47,17.79,2026-09-16 19:32:09+00:00,5.0,22.0,0.15685352432250982
SPY270129P00730000,2027-01-29,730.0,p,14.95,15.05,17.81,2026-09-16 19:52:12+00:00,2.0,90.0,0.15415274566650394
SPY270129P00732000,2027-01-29,732.0,p,15.37,15.5,19.75,2026-09-16 19:27:33+00:00,1.0,5.0,0.15264214065551762
SPY270129P00733000,2027-01-29,733.0,p,15.6,15.71,19.3,2026-09-16 19:36:43+00:00,5.0,9.0,0.15175713973999022
SPY270129P00734000,2027-01-29,734.0,p,15.82,15.94,17.8,2026-09-15 16:52:04+00:00,1.0,4.0,0.1509636906433106
SPY270129P00735000,2027-01-29,735.0,p,16.04,16.14,20.0,2026-09-16 19:17:11+00:00,1.0,334.0,0.14997950859069828
SPY270129P00736000,2027-01-29,736.0,p,16.24,16.37,19.17,2026-09-16 19:01:55+00:00,1.0,1.0,0.14914791290283202
SPY270129P00738000,2027-01-29,738.0,p,16.72,16.84,20.86,2026-09-16 19:17:11+00:00,2.0,4.0,0.147469462890625
SPY270129P00739000,2027-01-29,739.0,p,16.93,17.06,17.42,2026-09-17 14:04:04+00:00,1.0,28.0,0.1465081687927246
SPY270129P00740000,2027-01-29,740.0,p,17.19,17.3,17.45,2026-09-17 13:48:27+00:00,123.0,710.0,0.14563842651367187
SPY270129P00744000,2027-01-29,744.0,p,18.21,18.33,18.2,2026-09-17 14:23:32+00:00,2.0,5.0,0.14231204376220702
SPY270129P00745000,2027-01-29,745.0,p,18.48,18.61,20.7,2026-09-16 18:36:29+00:00,111.0,221.0,0.14153385330200197
SPY270129P00746000,2027-01-29,746.0,p,18.74,18.88,23.91,2026-09-16 19:27:33+00:00,3.0,9.0,0.14067936965942385
SPY270129P00747000,2027-01-29,747.0,p,19.01,19.15,21.27,2026-09-15 16:52:04+00:00,1.0,8.0,0.1398019980621338
SPY270129P00748000,2027-01-29,748.0,p,19.26,19.38,19.22,2026-09-17 14:27:55+00:00,1.0,313.0,0.1386652296447754
SPY270129P00749000,2027-01-29,749.0,p,19.59,19.71,24.66,2026-09-16 19:21:06+00:00,102.0,171.0,0.13806251350402832
SPY270129P00750000,2027-01-29,750.0,p,19.84,19.96,20.38,2026-09-17 14:04:45+00:00,2.0,784.0,0.1369867796325684
SPY270129P00752000,2027-01-29,752.0,p,20.47,20.6,21.02,2026-09-17 14:04:04+00:00,1.0,176.0,0.1355219505310059
SPY270129P00753000,2027-01-29,753.0,p,20.76,20.91,20.16,2026-09-16 19:49:40+00:00,1.0,147.0,0.13468272552490235
SPY270129P00754000,2027-01-29,754.0,p,21.05,21.18,24.55,2026-09-16 18:59:05+00:00,6.0,32.0,0.13359936233520509
SPY270129P00755000,2027-01-29,755.0,p,21.38,21.5,21.23,2026-09-17 13:33:25+00:00,6.0,150.0,0.13276013732910158
SPY270129P00757000,2027-01-29,757.0,p,22.03,22.19,25.73,2026-09-16 20:03:26+00:00,14.0,311.0,0.1312571616363525
SPY270129P00759000,2027-01-29,759.0,p,22.72,22.87,27.97,2026-09-16 19:13:39+00:00,1.0,30.0,0.1295710823059082
SPY270129P00760000,2027-01-29,760.0,p,23.08,23.21,23.3,2026-09-17 14:17:13+00:00,4.0,249.0,0.12867082275390623
SPY270129P00761000,2027-01-29,761.0,p,23.44,23.57,29.5,2026-09-16 19:22:34+00:00,272.0,143.0,0.12784685638427734
SPY270129P00762000,2027-01-29,762.0,p,23.77,23.93,24.11,2026-09-17 14:16:34+00:00,3.0,51.0,0.12699237274169922
SPY270129P00763000,2027-01-29,763.0,p,24.14,24.3,24.46,2026-09-17 14:16:34+00:00,3.0,115.0,0.1261455184173584
SPY270129P00764000,2027-01-29,764.0,p,24.53,24.69,26.06,2026-09-16 17:24:10+00:00,2.0,8.0,0.12537495727539064
SPY270129P00765000,2027-01-29,765.0,p,24.9,25.06,29.3,2026-09-16 19:55:04+00:00,32.0,90.0,0.12446706840515137
SPY270129P00766000,2027-01-29,766.0,p,25.28,25.44,25.59,2026-09-17 13:54:38+00:00,2.0,112.0,0.12356680885314941
SPY270129P00767000,2027-01-29,767.0,p,25.69,25.86,27.4,2026-09-14 15:33:31+00:00,3.0,27.0,0.12284202362060548
SPY270129P00768000,2027-01-29,768.0,p,26.08,26.25,26.87,2026-09-14 19:38:09+00:00,1.0,155.0,0.1219265054321289
SPY270129P00770000,2027-01-29,770.0,p,26.98,27.08,26.98,2026-09-17 14:33:21+00:00,58.0,387.0,0.12023279678344725
SPY270129P00772000,2027-01-29,772.0,p,27.8,27.96,30.64,2026-09-15 14:30:03+00:00,6.0,395.0,0.1186458985900879
SPY270129P00774000,2027-01-29,774.0,p,28.66,28.83,30.52,2026-09-15 13:42:28+00:00,1.0,441.0,0.11683012084960936
SPY270129P00775000,2027-01-29,775.0,p,29.1,29.25,35.11,2026-09-16 19:38:36+00:00,5.0,318.0,0.11576201629638672
SPY270129P00776000,2027-01-29,776.0,p,29.57,29.73,30.17,2026-09-14 16:31:40+00:00,1.0,289.0,0.11499145515441894
SPY270129P00777000,2027-01-29,777.0,p,30.05,30.24,33.4,2026-09-15 14:49:16+00:00,1.0,598.0,0.11434296310424805
SPY270129P00780000,2027-01-29,780.0,p,31.51,31.68,32.37,2026-09-17 14:03:54+00:00,1.0,735.0,0.11158877922058105
SPY270129P00785000,2027-01-29,785.0,p,34.16,34.39,35.8,2026-09-16 16:28:52+00:00,9.0,439.0,0.1077512321472168
SPY270129P00790000,2027-01-29,790.0,p,35.58,38.55,44.47,2026-09-16 19:37:44+00:00,45.0,52.0,0.11154300331115721
SPY270331C00600000,2027-03-31,600.0,c,175.72,179.23,170.89,2026-09-16 18:58:30+00:00,6.0,35.0,0.36310451354980466
SPY270331C00604000,2027-03-31,604.0,c,172.0,175.46,174.0,2026-09-14 19:28:39+00:00,1.0,2.0,0.3580386462402344
SPY270331C00630000,2027-03-31,630.0,c,148.04,151.53,141.81,2026-09-16 19:50:12+00:00,1.0,78.0,0.32842163284301756
SPY270331C00669000,2027-03-31,669.0,c,113.08,116.55,113.6,2026-09-17 14:01:28+00:00,2.0,177.0,0.2857279679870605
SPY270331C00670000,2027-03-31,670.0,c,112.2,115.62,112.76,2026-09-17 14:03:45+00:00,2.0,44.0,0.284362320022583
SPY270331C00672000,2027-03-31,672.0,c,110.45,113.76,107.78,2026-09-16 18:37:42+00:00,145.0,185.0,0.2816157654571533
SPY270331C00675000,2027-03-31,675.0,c,107.84,111.13,108.52,2026-09-17 14:01:03+00:00,2.0,72.0,0.27838856384277344
SPY270331C00676000,2027-03-31,676.0,c,106.97,110.31,107.76,2026-09-17 14:00:54+00:00,2.0,0.0,0.2776256320190429
SPY270331C00678000,2027-03-31,678.0,c,105.24,108.51,107.1,2026-09-14 15:53:28+00:00,2.0,3.0,0.2751689915466308
SPY270331C00685000,2027-03-31,685.0,c,99.39,102.61,99.38,2026-09-16 14:12:22+00:00,2.0,90.0,0.26863829513549803
SPY270331C00695000,2027-03-31,695.0,c,91.06,93.99,92.36,2026-09-14 15:35:08+00:00,4.0,75.0,0.25771311141967773
SPY270331C00700000,2027-03-31,700.0,c,86.76,89.78,87.61,2026-09-16 15:08:42+00:00,15.0,300.0,0.25254806297302246
SPY270331C00705000,2027-03-31,705.0,c,82.87,85.48,76.53,2026-09-16 19:23:42+00:00,1.0,131.0,0.2467421517944336
SPY270331C00710000,2027-03-31,710.0,c,78.79,81.4,79.9,2026-09-17 14:36:10+00:00,3.0,136.0,0.2418746467590332
SPY270331C00715000,2027-03-31,715.0,c,75.93,76.25,76.13,2026-09-17 14:29:07+00:00,3.0,1709.0,0.2314835153198242
SPY270331C00720000,2027-03-31,720.0,c,71.85,72.23,68.32,2026-09-16 18:37:40+00:00,211.0,361.0,0.2265778636932373
SPY270331C00725000,2027-03-31,725.0,c,68.0,68.3,61.49,2026-09-16 19:15:32+00:00,8.0,228.0,0.22187057434082028
SPY270331C00730000,2027-03-31,730.0,c,62.85,65.62,63.29,2026-09-16 18:05:11+00:00,7.0,481.0,0.22286238571166989
SPY270331C00735000,2027-03-31,735.0,c,60.33,60.66,60.36,2026-09-17 14:30:26+00:00,10.0,942.0,0.2127306510925293
SPY270331C00740000,2027-03-31,740.0,c,55.26,58.21,52.03,2026-09-16 19:59:30+00:00,6.0,702.0,0.2141039283752441
SPY270331C00745000,2027-03-31,745.0,c,52.99,53.29,52.46,2026-09-17 13:59:05+00:00,1.0,135.0,0.20369753829956055
SPY270331C00750000,2027-03-31,750.0,c,49.44,49.72,49.55,2026-09-17 14:24:33+00:00,4.0,458.0,0.1992343871307373
SPY270331C00755000,2027-03-31,755.0,c,46.03,46.25,45.1,2026-09-17 14:03:22+00:00,3.0,131.0,0.19487804641723633
SPY270331C00760000,2027-03-31,760.0,c,42.66,42.87,42.21,2026-09-16 19:39:18+00:00,2.0,365.0,0.1905598522949219
SPY270331C00765000,2027-03-31,765.0,c,39.38,39.62,39.54,2026-09-17 14:26:18+00:00,3.0,1804.0,0.18644002044677732
SPY270331C00770000,2027-03-31,770.0,c,36.25,36.48,35.5,2026-09-17 14:10:19+00:00,26.0,329.0,0.18240411109924318
SPY270331C00775000,2027-03-31,775.0,c,33.29,33.42,32.8,2026-09-17 13:31:22+00:00,3.0,411.0,0.17828427925109866
SPY270331C00780000,2027-03-31,780.0,c,30.44,30.56,30.44,2026-09-17 14:37:27+00:00,11.0,678.0,0.17460694786071781
SPY270331C00785000,2027-03-31,785.0,c,27.63,27.76,23.38,2026-09-16 19:32:28+00:00,11.0,126.0,0.17070836624145513
SPY270331C00790000,2027-03-31,790.0,c,25.06,25.2,25.18,2026-09-17 14:36:10+00:00,1.0,460.0,0.16738961280822753
SPY270331C00795000,2027-03-31,795.0,c,22.59,22.73,23.4,2026-09-14 15:57:58+00:00,2.0,289.0,0.16395641960144045
SPY270331C00800000,2027-03-31,800.0,c,20.35,20.46,20.33,2026-09-17 14:29:28+00:00,15.0,1143.0,0.16090469230651858
SPY270331C00805000,2027-03-31,805.0,c,18.21,18.31,17.84,2026-09-16 13:59:37+00:00,2.0,387.0,0.15784533569335937
SPY270331C00810000,2027-03-31,810.0,c,16.27,16.38,15.71,2026-09-16 17:56:00+00:00,5.0,603.0,0.15528188476562502
SPY270331C00815000,2027-03-31,815.0,c,14.45,14.56,11.71,2026-09-16 19:44:36+00:00,18.0,469.0,0.15265739929199224
SPY270331C00820000,2027-03-31,820.0,c,12.79,12.88,10.9,2026-09-16 19:57:07+00:00,5.0,1274.0,0.15013972427368166
SPY270331C00825000,2027-03-31,825.0,c,11.31,11.39,11.03,2026-09-17 13:59:05+00:00,7.0,871.0,0.14802640312194829
SPY270331C00830000,2027-03-31,830.0,c,9.98,10.03,7.49,2026-09-16 19:27:11+00:00,120.0,253.0,0.1460198924255371
SPY270331C00835000,2027-03-31,835.0,c,8.79,8.85,8.83,2026-09-17 13:31:41+00:00,1.0,155.0,0.14445588218688962
SPY270331C00840000,2027-03-31,840.0,c,7.7,7.74,7.5,2026-09-17 13:40:35+00:00,2.0,601.0,0.14270876831054688
SPY270331C00845000,2027-03-31,845.0,c,6.73,6.77,6.53,2026-09-17 13:59:05+00:00,11.0,1234.0,0.1412439392089844
SPY270331C00850000,2027-03-31,850.0,c,5.88,5.93,5.9,2026-09-17 14:28:58+00:00,16.0,423.0,0.14009954147338866
SPY270331C00855000,2027-03-31,855.0,c,5.11,5.16,5.13,2026-09-17 14:28:58+00:00,14.0,419.0,0.13887885055541993
SPY270331C00860000,2027-03-31,860.0,c,4.45,4.5,3.62,2026-09-16 20:08:51+00:00,2.0,811.0,0.13794807373046875
SPY270331C00865000,2027-03-31,865.0,c,3.85,3.89,3.01,2026-09-16 19:47:37+00:00,32.0,1359.0,0.1368494519042969
SPY270331C00870000,2027-03-31,870.0,c,3.33,3.36,3.46,2026-09-17 13:30:02+00:00,1.0,1853.0,0.13590341644287113
SPY270331C00875000,2027-03-31,875.0,c,2.88,2.91,2.79,2026-09-16 19:32:17+00:00,1.0,605.0,0.13520151916503909
SPY270331C00880000,2027-03-31,880.0,c,2.47,2.5,2.42,2026-09-16 19:33:17+00:00,1.0,2072.0,0.1343775527954102
SPY270331C00885000,2027-03-31,885.0,c,2.15,2.16,2.28,2026-09-14 18:35:40+00:00,702.0,1297.0,0.13385875915527345
SPY270331C00895000,2027-03-31,895.0,c,1.59,1.61,1.59,2026-09-17 13:33:33+00:00,1.0,1163.0,0.13306531005859373
SPY270331C00900000,2027-03-31,900.0,c,1.37,1.39,1.31,2026-09-17 14:13:33+00:00,38.0,12841.0,0.13276013732910158
SPY270331C00905000,2027-03-31,905.0,c,1.18,1.2,1.17,2026-09-17 13:33:31+00:00,5.0,780.0,0.13257703369140628
SPY270331C00910000,2027-03-31,910.0,c,1.01,1.02,0.97,2026-09-16 13:58:05+00:00,5.0,1442.0,0.13205824005126954
SPY270331C00925000,2027-03-31,925.0,c,0.66,0.67,0.66,2026-09-17 14:33:50+00:00,15.0,901.0,0.13233289550781252
SPY270331C00930000,2027-03-31,930.0,c,0.57,0.59,0.54,2026-09-16 18:07:28+00:00,10.0,1353.0,0.13276013732910158
SPY270331C00935000,2027-03-31,935.0,c,0.51,0.52,0.4,2026-09-16 19:05:21+00:00,5.0,757.0,0.1331873791503906
SPY270331C00940000,2027-03-31,940.0,c,0.46,0.47,0.4,2026-09-16 18:25:56+00:00,2.0,260.0,0.13416393188476564
SPY270331C00945000,2027-03-31,945.0,c,0.4,0.41,0.38,2026-09-16 16:22:52+00:00,25.0,81.0,0.1344080700683594
SPY270331C00950000,2027-03-31,950.0,c,0.36,0.37,0.31,2026-09-16 19:53:53+00:00,4.0,761.0,0.13526255371093754
SPY270331P00575000,2027-03-31,575.0,p,4.37,4.39,4.82,2026-09-15 18:59:26+00:00,10.0,64.0,0.26688355194091795
SPY270331P00580000,2027-03-31,580.0,p,4.56,4.58,4.85,2026-09-16 16:26:04+00:00,10.0,265.0,0.2630078582763672
SPY270331P00584000,2027-03-31,584.0,p,4.72,4.73,5.22,2026-09-15 19:24:16+00:00,29.0,7083.0,0.25977302734375
SPY270331P00593000,2027-03-31,593.0,p,5.11,5.13,5.36,2026-09-14 18:34:56+00:00,657.0,659.0,0.25308974456787114
SPY270331P00595000,2027-03-31,595.0,p,5.2,5.21,5.23,2026-09-17 13:44:09+00:00,20.0,147.0,0.25144181182861325
SPY270331P00600000,2027-03-31,600.0,p,5.43,5.44,5.55,2026-09-17 14:12:13+00:00,14.0,430.0,0.2475813768005371
SPY270331P00605000,2027-03-31,605.0,p,5.67,5.7,5.79,2026-09-17 14:10:49+00:00,10.0,262.0,0.2439650799560547
SPY270331P00608000,2027-03-31,608.0,p,5.83,5.86,5.88,2026-09-17 13:45:03+00:00,20.0,235.0,0.24175257766723635
SPY270331P00610000,2027-03-31,610.0,p,5.93,5.97,5.91,2026-09-17 14:28:11+00:00,20.0,263.0,0.24030300720214842
SPY270331P00620000,2027-03-31,620.0,p,6.5,6.53,6.51,2026-09-17 13:48:30+00:00,1.0,129.0,0.23274998214721682
SPY270331P00624000,2027-03-31,624.0,p,6.75,6.79,7.22,2026-09-15 13:42:33+00:00,232.0,245.0,0.22992713439941403
SPY270331P00625000,2027-03-31,625.0,p,6.8,6.84,6.85,2026-09-17 13:36:32+00:00,20.0,322.0,0.22907265075683597
SPY270331P00630000,2027-03-31,630.0,p,7.14,7.18,7.16,2026-09-17 13:32:57+00:00,20.0,271.0,0.22551738845825192
SPY270331P00632000,2027-03-31,632.0,p,7.27,7.31,7.61,2026-09-14 16:58:30+00:00,2.0,192.0,0.223991524810791
SPY270331P00635000,2027-03-31,635.0,p,7.47,7.51,7.48,2026-09-17 13:50:56+00:00,10.0,143.0,0.22170272933959956
SPY270331P00636000,2027-03-31,636.0,p,7.56,7.6,7.53,2026-09-17 14:23:42+00:00,10.0,0.0,0.22113815979003904
SPY270331P00640000,2027-03-31,640.0,p,7.83,7.88,7.92,2026-09-17 14:17:06+00:00,2.0,396.0,0.21808643249511717
SPY270331P00649000,2027-03-31,649.0,p,8.56,8.61,9.92,2026-09-16 19:46:11+00:00,1.0,4.0,0.21167780517578122
SPY270331P00650000,2027-03-31,650.0,p,8.63,8.68,8.71,2026-09-17 13:42:50+00:00,3.0,488.0,0.21083858016967771
SPY270331P00659000,2027-03-31,659.0,p,9.43,9.48,10.94,2026-09-16 19:08:33+00:00,1.0,5.0,0.20432314239501947
SPY270331P00660000,2027-03-31,660.0,p,9.53,9.58,11.18,2026-09-16 19:44:53+00:00,1.0,204.0,0.20365176239013671
SPY270331P00663000,2027-03-31,663.0,p,9.82,9.87,10.98,2026-09-15 16:15:27+00:00,16.0,130.0,0.2014850360107422
SPY270331P00665000,2027-03-31,665.0,p,10.01,10.06,9.76,2026-09-17 13:30:02+00:00,20.0,34.0,0.19998968963623048
SPY270331P00666000,2027-03-31,666.0,p,10.11,10.16,12.27,2026-09-16 19:22:05+00:00,2.0,57.0,0.19925727508544921
SPY270331P00668000,2027-03-31,668.0,p,10.32,10.37,11.34,2026-09-15 14:26:13+00:00,1.0,19.0,0.19783822189331057
SPY270331P00669000,2027-03-31,669.0,p,10.42,10.47,11.87,2026-09-16 18:56:13+00:00,1.0,100.0,0.1970905487060547
SPY270331P00670000,2027-03-31,670.0,p,10.54,10.59,11.99,2026-09-16 20:00:31+00:00,17.0,211.0,0.19646494461059572
SPY270331P00673000,2027-03-31,673.0,p,10.85,10.9,11.31,2026-09-14 18:33:56+00:00,2.0,15.0,0.1941914077758789
SPY270331P00674000,2027-03-31,674.0,p,10.96,11.01,11.51,2026-09-16 16:15:39+00:00,4.0,32.0,0.1934742518615723
SPY270331P00675000,2027-03-31,675.0,p,11.07,11.12,11.98,2026-09-15 13:33:30+00:00,3.0,726.0,0.19273420799255372
SPY270331P00676000,2027-03-31,676.0,p,11.19,11.24,12.9,2026-09-16 18:59:53+00:00,1.0,22.0,0.1920551986694336
SPY270331P00677000,2027-03-31,677.0,p,11.29,11.34,11.4,2026-09-17 14:17:10+00:00,1.0,22.0,0.1912312322998047
SPY270331P00678000,2027-03-31,678.0,p,11.43,11.48,11.53,2026-09-17 14:17:10+00:00,1.0,27.0,0.19066666275024413
SPY270331P00680000,2027-03-31,680.0,p,11.67,11.72,13.69,2026-09-16 19:43:05+00:00,3.0,629.0,0.1892476095581055
SPY270331P00685000,2027-03-31,685.0,p,12.28,12.33,12.53,2026-09-17 14:12:52+00:00,25.0,498.0,0.1855855368041992
SPY270331P00690000,2027-03-31,690.0,p,12.93,12.99,13.05,2026-09-17 13:42:50+00:00,4.0,1086.0,0.18199975723266604
SPY270331P00700000,2027-03-31,700.0,p,14.36,14.42,14.7,2026-09-17 14:05:44+00:00,16.0,5393.0,0.17470612899780275
SPY270331P00710000,2027-03-31,710.0,p,15.96,16.03,16.06,2026-09-17 14:36:10+00:00,1.0,1482.0,0.16732094894409183
SPY270331P00715000,2027-03-31,715.0,p,16.87,16.97,17.75,2026-09-16 14:52:19+00:00,61.0,619.0,0.1639030143737793
SPY270331P00720000,2027-03-31,720.0,p,17.81,17.92,17.92,2026-09-17 14:32:30+00:00,7.0,1257.0,0.16020279502868653
SPY270331P00725000,2027-03-31,725.0,p,18.84,18.94,18.46,2026-09-17 13:30:05+00:00,5.0,798.0,0.15651783432006838
SPY270331P00730000,2027-03-31,730.0,p,19.91,20.02,20.17,2026-09-17 13:42:50+00:00,2.0,1705.0,0.15276420974731447
SPY270331P00735000,2027-03-31,735.0,p,21.09,21.2,24.51,2026-09-16 19:40:37+00:00,16.0,740.0,0.1491250249481201
SPY270331P00740000,2027-03-31,740.0,p,22.35,22.46,22.5,2026-09-16 19:39:42+00:00,1.0,1706.0,0.14544769355773926
SPY270331P00745000,2027-03-31,745.0,p,23.66,23.77,27.43,2026-09-16 19:39:42+00:00,3.0,243.0,0.1415643705749512
SPY270331P00750000,2027-03-31,750.0,p,25.09,25.22,24.57,2026-09-17 13:30:02+00:00,10.0,885.0,0.13786415122985843
SPY270331P00755000,2027-03-31,755.0,p,26.64,26.75,26.45,2026-09-17 13:30:01+00:00,85.0,347.0,0.13402660415649414
SPY270331P00760000,2027-03-31,760.0,p,28.31,28.44,31.94,2026-09-16 20:02:13+00:00,20.0,971.0,0.13036453140258786
SPY270331P00765000,2027-03-31,765.0,p,30.12,30.27,35.55,2026-09-16 19:18:26+00:00,9.0,207.0,0.12674823455810547
SPY270331P00770000,2027-03-31,770.0,p,32.02,32.15,38.15,2026-09-16 19:22:33+00:00,4.0,315.0,0.1227275838470459
SPY270331P00775000,2027-03-31,775.0,p,34.13,34.24,35.97,2026-09-16 18:32:09+00:00,6.0,206.0,0.11895870063781738
SPY270331P00780000,2027-03-31,780.0,p,36.32,36.45,36.43,2026-09-17 14:36:15+00:00,22.0,672.0,0.11499145515441894
SPY270331P00785000,2027-03-31,785.0,p,38.75,38.89,40.47,2026-09-16 16:33:25+00:00,1.0,22.0,0.11126834785461426
SPY270331P00790000,2027-03-31,790.0,p,40.59,42.26,41.35,2026-09-17 14:36:10+00:00,2.0,172.0,0.11119205467224119
SPY270331P00800000,2027-03-31,800.0,p,45.68,48.66,52.1,2026-09-16 19:05:38+00:00,3.0,166.0,0.10706459350585937
SPY270331P00820000,2027-03-31,820.0,p,59.94,63.01,63.46,2026-09-16 14:51:08+00:00,1.0,116.0,0.09571216796875001
SPY270331P00845000,2027-03-31,845.0,p,82.9,86.37,88.13,2026-09-15 14:14:25+00:00,1.0,1.0,0.10473002212524413
